8931927.163068,16,2284228.958753,11,1499331.245335,15,1368706.00527,17,1326463.446216,45,1081000.135641,31,1034088.519845,75,929603.447761,60,910776.033611,46,866156.450007,14,856585.139483,149,678270.147837,18,594722.821915,40,585226.111367,30,574636.933379,13,543429.138729,19,538210.025709,134,515688.234919,41,514648.097764,21,509840.997189,105,482524.051037,44,473723.303293,164,410400.956125,32,408171.034863,20,398694.565189,48,390631.043867,208,337844.504845,119,331055.257215,23,326316.502085,61,323987.559332,24,296520.155485,120,277975.827297,135,chello
6646053.243232,21,4285240.635131,20,3217590.908659,22,2491954.706599,41,2408536.876766,19,1698442.541755,18,1458115.723114,26,1330108.043309,42,1045517.225365,12,1034547.182618,40,953937.119727,61,919217.612352,23,853913.461244,60,820325.508025,38,671484.13382,51,667675.10107,16,598962.977591,11,539985.607026,44,501444.691037,98,492707.198474,25,483620.940761,13,478012.79515,45,466847.672021,37,464864.36121,43,448288.939816,39,446294.532722,28,442070.388833,14,424161.399841,96,417108.320947,46,390672.279801,35,385990.829655,99,357857.69591,17,chello
0.0,11,0.0,12,0.0,13,0.0,14,0.0,15,0.0,16,0.0,17,0.0,18,0.0,19,0.0,20,0.0,21,0.0,22,0.0,23,0.0,24,0.0,25,0.0,26,0.0,27,0.0,28,0.0,29,0.0,30,0.0,31,0.0,32,0.0,33,0.0,34,0.0,35,0.0,36,0.0,37,0.0,38,0.0,39,0.0,40,0.0,41,0.0,42,chello
6270550.995156,21,5822747.594366,41,2776219.471358,61,2119179.685031,20,2006310.62046,22,1488839.059497,81,1303030.848789,60,1280140.446711,19,964926.672602,101,877072.079284,18,823716.855834,23,685224.706945,141,665099.90315,140,617101.61097,17,613107.629209,121,583621.848902,24,573038.773805,11,552366.162756,40,486916.253819,16,482543.290393,25,435717.10195,120,434667.328965,100,421503.592464,80,389910.248201,139,384940.768933,15,366107.758757,138,364766.060343,26,347721.115193,27,338674.395903,14,331559.853828,13,284911.181769,28,283027.765145,39,chello
7385312.757631,16,5130213.691377,32,1804939.591071,21,1701497.66261,22,1572167.216071,48,1284309.862073,15,1265246.992005,17,1042458.488098,30,1019246.871016,20,1011123.987043,19,976354.260807,31,777802.535526,60,645111.816474,63,618928.96219,29,604358.034144,33,570203.357606,14,511729.846996,24,511486.478647,18,499558.113549,75,426075.585131,45,423549.741478,61,422042.619302,64,389780.261212,94,384015.708304,49,381866.421368,46,377216.184835,59,375836.998142,35,375726.865571,13,362250.50838,173,361098.967922,89,325426.429135,95,315271.033977,251,chello
0.0,11,0.0,12,0.0,13,0.0,14,0.0,15,0.0,16,0.0,17,0.0,18,0.0,19,0.0,20,0.0,21,0.0,22,0.0,23,0.0,24,0.0,25,0.0,26,0.0,27,0.0,28,0.0,29,0.0,30,0.0,31,0.0,32,0.0,33,0.0,34,0.0,35,0.0,36,0.0,37,0.0,38,0.0,39,0.0,40,0.0,41,0.0,42,chello
8656797.217023,16,2177385.233633,15,1790315.063888,11,1607994.608079,17,1355694.48083,60,1354650.430346,46,1319294.255943,31,1195832.710202,45,1097653.507202,75,1069813.69791,149,905094.358889,18,777370.294621,14,737204.44989,20,701959.540604,30,654439.906032,32,614179.98206,134,598009.858873,19,555195.632766,47,531694.867126,105,520961.578322,13,499516.843352,61,494000.661289,208,447477.425617,164,412767.080962,59,403074.628732,120,401803.058814,135,399423.097691,209,378892.238671,119,376483.28139,41,370288.566336,29,357873.205981,24,317628.519469,58,chello
4589172.444799,21,3768647.30613,20,3721881.939769,19,3521920.286595,41,2950563.440328,22,1853532.900429,23,1820348.675879,61,1719941.896374,40,1650018.778979,42,1525638.042545,26,1322597.904249,18,1215172.632227,24,1051747.831832,60,966148.768836,17,880686.007317,43,842012.595887,140,728065.231989,25,722687.807132,101,710355.401939,11,671197.155978,14,665356.823189,100,658354.354688,15,655048.302158,44,574246.075617,27,555694.502084,12,533540.95205,29,532500.261919,62,521271.207747,38,509309.867701,141,503771.302708,16,502424.00421,28,472761.537177,13,chello
7453809.386552,21,4635810.68578,20,2625475.273429,40,2251306.693458,22,1738852.417886,41,1495459.310847,61,1352055.800869,39,931281.233449,58,828648.743697,57,727263.234521,38,706298.675701,60,696131.116601,19,543520.944321,18,521175.259744,23,520729.725935,42,491598.023384,59,481541.09378,139,424343.633287,79,407043.93602,81,403964.101633,56,380105.360229,36,365700.291772,55,352572.558468,99,352341.712145,11,290181.631861,62,289478.436594,97,288392.796944,138,283273.868381,24,278692.064172,43,277678.901896,49,274404.866694,27,266462.858418,82,chello
0.0,11,0.0,12,0.0,13,0.0,14,0.0,15,0.0,16,0.0,17,0.0,18,0.0,19,0.0,20,0.0,21,0.0,22,0.0,23,0.0,24,0.0,25,0.0,26,0.0,27,0.0,28,0.0,29,0.0,30,0.0,31,0.0,32,0.0,33,0.0,34,0.0,35,0.0,36,0.0,37,0.0,38,0.0,39,0.0,40,0.0,41,0.0,42,chello
6733490.084972,16,3463702.583339,33,3105588.003206,32,2841722.624048,17,2169059.99195,31,2016387.715633,18,1655578.941801,34,1522708.317115,48,1018600.155498,63,979981.696297,19,890997.609887,20,815002.007949,35,674912.933633,64,650256.015458,30,642773.479851,47,631387.223745,37,627788.789537,28,623114.925236,27,605154.612204,50,595462.710744,38,589376.378508,36,562791.196628,22,513776.795174,21,512248.421224,94,498257.881945,41,497820.272134,126,485145.922837,95,479658.064503,79,472114.165426,250,451260.000642,141,449029.58736,26,439723.926857,69,chello
8818142.323883,16,2257643.212415,15,1524996.648302,45,1377057.676995,46,1316126.847319,17,1256432.305256,11,1227256.156646,75,1095495.509296,149,1085255.993843,60,995306.253035,31,929510.696655,30,877158.219425,14,709041.804732,18,689187.62805,19,658019.060094,20,561508.338025,61,553870.074332,105,546314.139735,134,531701.567985,21,521644.661179,120,484586.862533,164,481304.106523,208,453763.096969,209,451328.160413,13,443287.34038,135,429644.358969,44,422495.115777,253,413397.700872,47,406857.734955,29,356798.673193,22,335128.806993,119,322618.848827,12,chello
6217007.265348,21,5048329.282833,19,4258669.92238,20,2172779.651453,22,2080768.205303,18,1633950.337918,40,929094.302628,41,804128.136061,23,749578.40086,39,732988.18987,16,687464.544751,26,685687.375003,25,680312.025687,61,646645.89312,34,632933.062468,35,626250.016603,42,572743.764563,17,527461.985419,53,510752.219828,36,488747.638957,14,472395.163763,99,458388.159043,24,455695.126194,37,450064.506445,43,448596.349483,13,447092.130777,15,444044.724979,38,434974.630712,27,387673.893986,29,383118.610534,100,364252.547614,32,318248.635327,52,chello
0.0,11,0.0,12,0.0,13,0.0,14,0.0,15,0.0,16,0.0,17,0.0,18,0.0,19,0.0,20,0.0,21,0.0,22,0.0,23,0.0,24,0.0,25,0.0,26,0.0,27,0.0,28,0.0,29,0.0,30,0.0,31,0.0,32,0.0,33,0.0,34,0.0,35,0.0,36,0.0,37,0.0,38,0.0,39,0.0,40,0.0,41,0.0,42,chello
4786059.414614,19,4385005.98023,20,3403733.159888,21,2254704.714343,55,2012748.229135,22,1775036.406615,42,1609061.934483,108,1602303.490819,73,1595521.197447,40,1578573.205586,41,1507087.927985,18,1479794.741007,23,1404083.400167,109,1263629.320437,72,1262923.261289,54,1108839.058355,24,998471.091551,31,883456.109449,126,870954.588888,39,837291.114533,37,836588.586404,29,774681.892352,144,759426.389014,30,754273.746781,36,709926.065277,89,703224.82408,43,680161.541966,32,655027.93537,25,653801.123093,28,627015.92678,16,617480.791502,61,611947.333083,33,chello
0.0,11,0.0,12,0.0,13,0.0,14,0.0,15,0.0,16,0.0,17,0.0,18,0.0,19,0.0,20,0.0,21,0.0,22,0.0,23,0.0,24,0.0,25,0.0,26,0.0,27,0.0,28,0.0,29,0.0,30,0.0,31,0.0,32,0.0,33,0.0,34,0.0,35,0.0,36,0.0,37,0.0,38,0.0,39,0.0,40,0.0,41,0.0,42,chello
8935854.58699,16,1572560.33943,15,1486771.056105,28,1470444.406326,31,1402095.856803,40,1198659.847571,27,1051267.456137,41,992538.507518,75,957742.940669,60,927147.634616,14,852151.870158,17,822336.898183,67,804181.498448,12,723502.22365,42,689698.344018,149,654700.353555,20,552702.805308,32,552225.085319,22,516524.067588,38,505680.371431,93,487998.296087,18,442616.787046,35,434985.448829,46,411555.662624,11,389641.294868,39,388927.256222,66,385000.169483,13,384415.842344,26,380991.829598,19,378435.305858,48,373152.870585,25,370086.325856,49,chello
5079997.791272,16,4354638.359998,19,3185781.614609,18,2824008.452638,36,2484272.670232,32,2223829.165819,88,2132332.907916,89,1720654.404489,71,1593331.832144,17,1588212.914848,21,1504951.675234,20,1251682.484716,35,1139420.942199,22,1120219.450901,31,1044171.218215,48,982249.534004,15,767182.758277,141,737266.072814,14,720150.940381,29,629612.687178,24,552838.338539,90,552295.871312,87,547696.392869,34,543653.117594,30,542272.770547,79,514541.425574,52,512060.657743,54,505975.081995,53,505538.314801,70,486594.668564,25,484284.524057,124,456271.389341,28,chello
6639481.940656,21,3425854.303891,20,3300722.406736,41,2455480.951273,40,2101619.27612,42,1871958.255345,19,1582245.884631,18,1513944.993052,36,1169385.322541,17,1099139.168411,22,1013375.136324,38,999471.42263,34,996591.222283,37,818762.504317,60,774098.41126,43,773251.162551,23,745042.271052,11,724471.613764,25,694264.606609,15,693762.746441,71,683686.730764,24,680496.853862,53,647127.643585,33,619833.455033,56,609971.667341,30,589991.230566,26,582867.702086,44,576040.490665,54,572108.248643,39,557403.556546,72,550907.161825,45,546678.874658,61,chello
0.0,11,0.0,12,0.0,13,0.0,14,0.0,15,0.0,16,0.0,17,0.0,18,0.0,19,0.0,20,0.0,21,0.0,22,0.0,23,0.0,24,0.0,25,0.0,26,0.0,27,0.0,28,0.0,29,0.0,30,0.0,31,0.0,32,0.0,33,0.0,34,0.0,35,0.0,36,0.0,37,0.0,38,0.0,39,0.0,40,0.0,41,0.0,42,chello
5864376.354508,32,5235224.078467,33,3106354.829715,48,2156268.865446,34,1676862.222916,31,1626979.577013,35,1491381.447955,17,1487321.731438,64,1441049.405132,19,1268864.003635,18,1264888.393202,22,1202430.188247,21,979981.530169,30,940114.57942,49,844413.125418,41,714100.896724,29,657964.708511,42,639235.32882,36,634608.581266,23,570769.797745,16,560222.219321,28,543504.782571,27,542711.884731,25,509045.761619,111,485049.818897,47,470057.834924,20,456789.858959,26,448906.242242,71,442500.665294,40,434707.232723,37,425419.43548,38,397642.017935,54,chello
0.0,11,0.0,12,0.0,13,0.0,14,0.0,15,0.0,16,0.0,17,0.0,18,0.0,19,0.0,20,0.0,21,0.0,22,0.0,23,0.0,24,0.0,25,0.0,26,0.0,27,0.0,28,0.0,29,0.0,30,0.0,31,0.0,32,0.0,33,0.0,34,0.0,35,0.0,36,0.0,37,0.0,38,0.0,39,0.0,40,0.0,41,0.0,42,chello
7910127.808178,16,2648736.945695,27,2416445.522501,40,2332594.417308,41,1947547.538884,14,1598843.527562,28,1420093.695194,26,944204.567538,11,920078.82663,42,917060.947888,17,892100.303342,13,843415.187625,67,839905.650273,25,839824.770142,31,718368.795384,12,688029.589518,21,667428.388053,15,626188.091835,52,572795.94829,38,558933.865757,18,551843.389562,19,517641.732389,60,514359.687235,75,503475.797896,51,497490.050211,24,484756.701205,68,482213.729006,66,466356.493759,39,462424.892195,54,447232.843178,46,407676.535195,93,399504.768254,65,chello
5891225.236841,16,4571658.783894,19,2432603.112824,18,2343696.980528,32,2168343.281349,71,2029526.546499,34,1913056.681722,88,1598285.655516,35,1442721.297568,23,1439784.650438,17,1225892.251313,89,1035476.793555,31,1025552.423049,36,1024480.942091,33,971589.174436,53,942263.323454,22,846320.425673,21,776278.611549,15,744170.112656,37,600034.950755,24,506460.77672,87,502905.888243,43,500612.715953,79,500358.938599,26,496049.48074,30,492580.690998,44,481676.290757,92,480447.717993,20,468224.91566,68,464100.153695,63,457922.760149,52,454216.319819,72,chello
6491182.928675,19,2936091.59396,18,2846074.274524,21,2644288.826803,40,2517199.036347,42,2076885.035913,22,1681241.901694,36,1624704.63642,41,1554390.478086,20,1509237.207125,39,1211517.62695,54,1095523.907088,38,983733.520098,35,960471.92625,23,936055.71565,17,935354.593624,43,926166.187318,37,874482.66373,26,805912.007892,15,747795.719557,101,736730.148316,102,658474.50652,34,641281.515705,55,565656.007551,44,557072.106285,103,523337.193591,100,511179.818927,33,484939.897557,25,456097.286492,16,454009.160782,45,417474.333035,59,400455.010491,14,chello
0.0,11,0.0,12,0.0,13,0.0,14,0.0,15,0.0,16,0.0,17,0.0,18,0.0,19,0.0,20,0.0,21,0.0,22,0.0,23,0.0,24,0.0,25,0.0,26,0.0,27,0.0,28,0.0,29,0.0,30,0.0,31,0.0,32,0.0,33,0.0,34,0.0,35,0.0,36,0.0,37,0.0,38,0.0,39,0.0,40,0.0,41,0.0,42,chello
3820079.798725,20,3378375.919966,29,3266862.982325,32,2993798.621821,34,2603002.487932,16,2312190.876387,33,2053631.268493,19,1803140.243916,31,1758584.734332,21,1757127.103818,57,1731997.600219,28,1386209.09889,49,1326543.570249,85,1268955.874925,35,1158252.218656,48,1138750.904904,58,1048600.290903,36,972539.055526,86,906129.074564,30,853422.924524,22,790397.553339,253,748331.238394,96,732621.826006,17,726013.474102,26,724276.474716,72,699608.84081,252,696191.669527,79,685290.677925,55,685050.427122,84,682937.96439,63,679636.59576,37,648678.232137,38,chello
0.0,11,0.0,12,0.0,13,0.0,14,0.0,15,0.0,16,0.0,17,0.0,18,0.0,19,0.0,20,0.0,21,0.0,22,0.0,23,0.0,24,0.0,25,0.0,26,0.0,27,0.0,28,0.0,29,0.0,30,0.0,31,0.0,32,0.0,33,0.0,34,0.0,35,0.0,36,0.0,37,0.0,38,0.0,39,0.0,40,0.0,41,0.0,42,chello
5203202.377192,16,4296449.929559,26,2977627.024861,39,2944744.846059,14,1833211.955313,38,1809231.075599,25,1764564.439698,41,1725651.940106,13,1697032.94113,15,1592480.385038,51,1481769.909,28,1443706.076329,88,1287007.793226,89,1265982.668335,40,1217158.231514,17,1116411.896482,63,1005737.870562,53,909828.594138,101,887822.688758,20,790731.672008,18,714856.132263,42,702642.857795,24,701650.79669,52,692327.613292,27,683541.438142,21,666817.337176,54,650002.849478,75,572145.731848,29,535564.597931,43,491438.603314,31,485086.243068,90,469653.298296,19,chello
5688176.323001,21,4488472.140526,41,3676791.522848,19,3292769.334541,22,2232964.460926,40,1665242.948616,18,1241017.806319,35,1231168.270642,42,1225758.671526,20,1153048.995833,17,1141824.394219,23,1085818.212175,61,1023404.241948,39,889211.363383,16,850601.290924,24,704874.292008,101,685515.68705,26,684031.155023,33,650427.786059,60,597486.631446,25,540462.008103,36,528408.332873,32,510672.040103,56,493947.083477,102,490831.919815,62,482508.063485,55,477117.689537,29,472428.004143,28,462684.731251,12,459360.29174,70,453771.639464,54,406067.41707,72,chello
6678452.340787,16,3079680.647011,19,2267773.36462,36,2230734.195047,32,1889398.351048,31,1741832.479865,30,1715716.735086,60,1609203.638114,71,1531781.266319,17,1264172.588745,46,1227937.273302,22,1095288.49762,45,958670.879519,53,936149.211144,44,934472.424895,34,926627.961694,33,914205.15521,15,895067.58225,29,837486.976316,11,816935.000446,21,807344.711147,18,790896.646731,106,780915.143706,90,779907.394452,164,767711.389017,35,732751.543456,75,732549.258397,61,726536.517713,135,696357.129519,54,656639.472801,134,652308.864914,91,645136.435395,23,chello
0.0,11,0.0,12,0.0,13,0.0,14,0.0,15,0.0,16,0.0,17,0.0,18,0.0,19,0.0,20,0.0,21,0.0,22,0.0,23,0.0,24,0.0,25,0.0,26,0.0,27,0.0,28,0.0,29,0.0,30,0.0,31,0.0,32,0.0,33,0.0,34,0.0,35,0.0,36,0.0,37,0.0,38,0.0,39,0.0,40,0.0,41,0.0,42,chello
5621363.330097,29,3164848.144326,57,3106404.400642,19,3084716.790535,16,2913906.036067,33,2703276.934785,85,2544381.359769,32,1949427.028203,21,1720623.8143,20,1360586.464592,253,1030000.993379,48,961943.251793,141,903430.739737,41,885188.149182,18,788283.394483,80,760244.307488,31,709890.586082,169,695070.095453,15,690761.220557,225,614022.434778,56,559996.942536,30,546465.109395,17,533537.674637,28,516771.230465,42,453572.805876,64,450343.537653,34,450121.652721,109,443683.436098,197,437044.702391,36,409613.387614,27,375033.131192,61,347933.088715,73,chello
4341327.657683,27,4260981.742678,14,4215395.748943,40,3207325.496994,26,2604694.052735,39,2364120.017138,16,2171608.312714,42,1884196.370153,41,1660729.509523,28,1463950.556715,67,1199643.896974,38,919928.978967,93,845173.507746,13,760559.635879,66,754884.630604,43,651185.807862,88,643584.471801,15,639163.908866,20,606379.729248,52,594108.108733,46,550013.926043,45,544899.692914,92,506475.20059,44,499650.445802,31,491349.014134,145,488787.185685,11,454201.73324,25,449790.921328,19,443111.058952,76,437717.968391,22,394536.45188,65,374052.629783,104,chello
0.0,11,0.0,12,0.0,13,0.0,14,0.0,15,0.0,16,0.0,17,0.0,18,0.0,19,0.0,20,0.0,21,0.0,22,0.0,23,0.0,24,0.0,25,0.0,26,0.0,27,0.0,28,0.0,29,0.0,30,0.0,31,0.0,32,0.0,33,0.0,34,0.0,35,0.0,36,0.0,37,0.0,38,0.0,39,0.0,40,0.0,41,0.0,42,chello
6899345.540652,21,6078423.774837,19,2210584.034018,20,1764428.964866,41,1477873.55861,40,1406521.996403,18,900329.364791,36,699027.480366,35,676635.858988,53,671887.725895,34,592113.661685,39,579381.264563,55,561748.947918,59,548666.621499,16,501634.671779,37,473908.03455,13,450712.237308,22,413055.054358,60,406351.589445,42,379901.862809,43,350905.422296,89,350637.66395,58,338315.952723,61,328538.783171,44,314806.250262,32,306191.048763,71,301714.421672,14,291258.813129,12,277214.299502,45,273670.506324,56,267906.4201,54,267299.888148,15,chello
0.0,11,0.0,12,0.0,13,0.0,14,0.0,15,0.0,16,0.0,17,0.0,18,0.0,19,0.0,20,0.0,21,0.0,22,0.0,23,0.0,24,0.0,25,0.0,26,0.0,27,0.0,28,0.0,29,0.0,30,0.0,31,0.0,32,0.0,33,0.0,34,0.0,35,0.0,36,0.0,37,0.0,38,0.0,39,0.0,40,0.0,41,0.0,42,chello
6653886.802872,29,5188470.375747,57,3944668.974922,85,1412075.826568,33,1390836.471909,17,1328712.079829,16,1026046.066822,20,921446.267568,169,870665.656654,253,806119.715711,19,736340.284956,225,731230.134897,58,731212.764966,31,703403.361606,86,700291.925081,48,650066.663994,18,642657.731662,30,587278.445238,21,582707.848097,141,577665.463655,34,549810.658975,32,535585.977675,56,482927.869029,197,463735.903046,72,412796.040921,40,409162.077347,27,406582.048145,23,384858.331853,15,384180.691186,39,361841.727911,55,350760.064178,254,324086.995047,28,chello
7615933.527345,16,2620425.928763,19,2429748.900025,31,2277069.655237,60,1918288.691361,30,1425404.738931,15,1305247.794052,18,1304871.389896,164,1267007.960447,23,1201312.303241,20,1096805.841866,46,1053480.107055,22,937377.611716,105,874090.653317,35,859812.972224,45,836529.31265,11,817857.510198,36,801722.760599,75,775787.736083,14,772438.437955,134,747760.854591,21,741649.673831,34,731282.043163,32,648475.946383,28,647172.828007,17,643640.939019,253,582464.605697,29,538167.728648,104,520340.717437,89,515969.280491,149,499630.386011,88,472592.060389,27,chello
4982039.273976,41,4116049.107715,40,3057718.426935,15,2953454.804257,26,2909424.062166,27,2665432.626857,14,2379711.98699,39,1645811.316275,42,1553544.092748,13,1214092.502512,38,999808.227995,28,983701.19276,67,956677.430229,19,859043.158055,25,853264.054987,43,711492.211153,75,690470.560719,93,684195.8642,20,671355.206689,44,668236.313065,11,660544.700466,53,646049.078093,31,640622.211523,94,638403.983785,37,625235.307381,54,623705.523536,51,611479.146406,36,545880.79742,80,545841.440168,16,529465.004052,133,497277.930299,66,487157.204579,60,chello
0.0,11,0.0,12,0.0,13,0.0,14,0.0,15,0.0,16,0.0,17,0.0,18,0.0,19,0.0,20,0.0,21,0.0,22,0.0,23,0.0,24,0.0,25,0.0,26,0.0,27,0.0,28,0.0,29,0.0,30,0.0,31,0.0,32,0.0,33,0.0,34,0.0,35,0.0,36,0.0,37,0.0,38,0.0,39,0.0,40,0.0,41,0.0,42,chello
7187776.635884,21,3727963.410091,20,2908162.002321,19,2708879.178684,41,2205243.330228,22,1992348.873558,40,1474080.932739,42,1045444.98291,23,1005316.78694,18,834994.503918,61,806405.330431,43,770444.882733,60,710775.401828,35,663123.04959,38,646360.931275,34,591260.493965,25,536099.22408,44,481078.755694,24,480981.185688,56,456117.173151,39,443917.519848,101,443719.920298,62,441118.540001,37,431242.701985,70,426288.548979,45,421019.252276,100,412634.592565,71,410380.173794,16,404596.842965,26,404051.47976,55,360914.131267,17,359402.593634,98,chello
0.0,11,0.0,12,0.0,13,0.0,14,0.0,15,0.0,16,0.0,17,0.0,18,0.0,19,0.0,20,0.0,21,0.0,22,0.0,23,0.0,24,0.0,25,0.0,26,0.0,27,0.0,28,0.0,29,0.0,30,0.0,31,0.0,32,0.0,33,0.0,34,0.0,35,0.0,36,0.0,37,0.0,38,0.0,39,0.0,40,0.0,41,0.0,42,chello
7724442.602921,29,4202949.871999,57,2232840.774045,56,1926970.451876,28,1825827.790646,84,1377749.443105,58,1178214.192523,85,1158875.984611,30,955799.116571,86,914151.467351,20,812450.379598,168,769051.946879,31,693822.728583,59,628349.428786,21,627159.583811,18,597896.958192,87,593904.237974,27,573053.852828,55,488673.273472,60,442399.185445,252,423917.154853,40,421209.225494,26,415769.14564,17,413370.697084,32,389208.255906,83,373580.14947,88,357351.590273,16,348375.635718,49,338477.903637,112,337855.80226,61,320498.23557,225,312804.320956,113,chello
6976612.91047,16,3757187.613912,22,2597114.317606,21,1961680.18427,33,1877136.645489,32,1483071.645483,30,1430929.95286,20,1331256.150579,23,1249985.050916,15,1161462.39921,64,1135048.09717,46,1107386.418537,60,1056179.77017,45,970966.989635,12,968228.55554,35,949636.817403,42,905995.611259,17,884766.85159,19,879053.964218,41,827336.139266,11,776061.657317,29,752621.088807,75,746048.405905,84,615249.342096,59,600976.775207,28,565440.354915,14,560293.800072,48,544638.639701,34,538026.751634,106,532365.59101,27,517127.986973,40,489290.100555,43,chello
4894678.879764,41,3599586.473466,26,3400854.195923,40,3005916.787861,16,2620892.680004,28,2503368.409126,39,2371052.451741,27,2118120.125036,13,1686545.088205,14,1411849.466637,42,1273082.090881,15,1206345.735183,29,982203.642003,19,934636.979489,30,876080.922889,67,869167.986156,54,769185.088293,43,744856.475033,31,733313.814486,46,682608.125342,25,672609.58877,12,645741.544732,88,625007.739186,37,588584.661838,94,578159.643619,21,560971.970002,52,558166.366369,24,555765.906158,36,554279.919593,51,544243.177585,17,529123.303181,80,525874.095716,20,chello
0.0,11,0.0,12,0.0,13,0.0,14,0.0,15,0.0,16,0.0,17,0.0,18,0.0,19,0.0,20,0.0,21,0.0,22,0.0,23,0.0,24,0.0,25,0.0,26,0.0,27,0.0,28,0.0,29,0.0,30,0.0,31,0.0,32,0.0,33,0.0,34,0.0,35,0.0,36,0.0,37,0.0,38,0.0,39,0.0,40,0.0,41,0.0,42,chello
6962046.127071,21,5098993.090414,20,2951558.166676,41,2055113.819083,22,1942933.285398,40,1085917.997882,18,980098.414952,36,912321.232344,23,838344.538918,71,824695.38491,17,673723.700516,15,671028.207332,38,657962.813935,54,647341.860388,35,625140.716875,16,616260.210038,25,564276.25315,24,548748.889397,73,536122.84863,60,499130.404018,37,494854.853298,14,474783.395756,72,466523.526374,13,451802.327169,55,447712.509117,27,447540.34456,42,443393.836712,11,439840.055997,26,428330.491859,33,425730.279037,56,405503.539268,39,356497.594227,28,chello
0.0,11,0.0,12,0.0,13,0.0,14,0.0,15,0.0,16,0.0,17,0.0,18,0.0,19,0.0,20,0.0,21,0.0,22,0.0,23,0.0,24,0.0,25,0.0,26,0.0,27,0.0,28,0.0,29,0.0,30,0.0,31,0.0,32,0.0,33,0.0,34,0.0,35,0.0,36,0.0,37,0.0,38,0.0,39,0.0,40,0.0,41,0.0,42,chello
7666852.057566,29,5599082.156484,57,2795201.439239,85,936590.155324,86,886378.43505,56,716970.315832,28,654171.103251,169,599751.247256,84,594930.864494,253,544276.920295,58,493741.856363,33,468020.233841,20,424002.61678,254,392022.751507,113,380738.717742,19,372056.740967,32,301034.684328,225,299072.242551,31,290044.891894,55,270915.078645,168,256857.89392,197,240411.582793,18,233557.423513,141,229175.469062,48,228498.98336,252,223972.250472,170,217337.011736,21,214237.580594,114,213908.273345,27,202971.027633,49,200909.451503,226,198388.640732,83,chello
6531779.1028,16,5439781.692427,22,2172651.418163,43,1764432.359873,19,1703338.13307,32,1596548.796465,21,1568299.074046,11,1101994.299856,20,1072931.10652,33,981196.636526,30,965356.004312,42,902977.066829,85,834478.900637,31,828278.767675,45,782655.476182,44,722127.252694,60,716176.277505,36,674001.838917,23,643416.564472,64,633352.754303,95,617736.690724,18,609216.253873,12,537125.858844,53,525719.392978,63,522081.496813,84,489886.301775,34,443482.634311,41,428271.921767,75,411957.086385,86,397576.684003,65,374365.27612,13,346351.456728,52,chello
5078893.062365,28,3956680.964578,27,3839876.546063,41,2838872.878335,26,2388850.854961,16,2310887.830052,14,1829762.734874,15,1708373.066925,29,1642485.744337,25,1629857.787865,40,1452549.951171,30,1202991.865474,39,934949.278448,80,927372.481287,54,851573.399256,38,772500.972439,60,719502.416569,24,691579.386415,42,645183.975955,75,632819.131566,32,616008.223521,23,601023.167237,33,573823.101164,76,550389.925795,45,542140.875215,94,530918.51865,22,513861.954059,13,507383.789835,107,506138.236107,21,505122.037522,19,498985.906514,11,496805.503222,37,chello
0.0,11,0.0,12,0.0,13,0.0,14,0.0,15,0.0,16,0.0,17,0.0,18,0.0,19,0.0,20,0.0,21,0.0,22,0.0,23,0.0,24,0.0,25,0.0,26,0.0,27,0.0,28,0.0,29,0.0,30,0.0,31,0.0,32,0.0,33,0.0,34,0.0,35,0.0,36,0.0,37,0.0,38,0.0,39,0.0,40,0.0,41,0.0,42,chello
0.0,11,0.0,12,0.0,13,0.0,14,0.0,15,0.0,16,0.0,17,0.0,18,0.0,19,0.0,20,0.0,21,0.0,22,0.0,23,0.0,24,0.0,25,0.0,26,0.0,27,0.0,28,0.0,29,0.0,30,0.0,31,0.0,32,0.0,33,0.0,34,0.0,35,0.0,36,0.0,37,0.0,38,0.0,39,0.0,40,0.0,41,0.0,42,chello
8628654.573117,19,4586785.70916,21,1095760.183672,18,911346.544949,37,853991.411731,40,756138.085176,38,650433.077065,41,577911.947124,34,549686.106778,24,532567.177768,23,474878.332378,42,471111.856531,17,444441.012846,36,424363.770094,72,407975.362167,55,405422.708419,25,380888.561124,39,349021.528592,43,347411.650814,54,344283.307415,71,336236.915531,27,335377.111866,22,330547.078806,20,316342.796352,15,309409.640564,57,308813.452879,35,302735.663589,33,299553.934861,59,291236.178725,26,277499.117818,53,275774.020192,44,273513.215918,61,chello
8119636.557308,29,4576992.995311,57,2299670.35491,85,1659101.36878,58,1285091.180787,86,1118298.73595,30,651176.498938,56,576955.75887,59,550451.057833,170,539912.849816,28,526591.075493,169,517570.173528,32,469881.611805,87,443195.431017,83,428914.895688,254,398162.225895,253,394263.494352,113,388148.785783,60,386277.540085,33,383760.669337,55,381771.83482,168,360245.678612,84,351939.645145,19,334394.918275,251,317786.552947,225,316739.259212,82,300718.471339,31,294899.516988,61,294028.645501,27,293910.187768,20,285156.722846,114,284805.947549,62,chello
6988156.39872,22,3756706.252387,16,3071890.861527,32,2501946.899339,43,1689350.242377,33,1664756.027721,21,1495436.573229,11,1315968.991391,12,1245772.326088,85,1182103.264068,19,1161668.965034,15,1080624.356088,64,939080.490906,30,838813.145353,18,800999.311714,31,792147.722273,23,736846.92637,35,666721.035729,17,648227.869242,13,586159.767357,24,583556.399564,95,579379.477023,34,498921.89743,28,490105.106228,25,463232.004404,106,449898.243453,27,423613.178503,14,409833.513197,29,402977.352986,20,373401.439968,26,366951.66807,60,353532.695609,53,chello
5990653.499145,27,4535934.127921,28,2653387.151461,14,2542495.44645,16,2387155.767302,41,1792033.572492,25,1661821.782116,29,1448399.631974,67,1364852.457232,26,1282415.937884,15,1280246.62263,30,1211408.697934,80,1062955.22719,24,1051805.959775,40,1007880.140326,17,949506.786996,23,832790.21343,19,697297.689436,60,673284.525988,22,669998.68763,18,656684.720747,21,641154.850431,20,608527.0763,75,577332.211254,38,575182.006819,54,568264.143033,61,564367.49125,39,543507.880287,51,537406.471363,13,517961.398849,31,457494.281659,42,435406.431163,88,chello
0.0,11,0.0,12,0.0,13,0.0,14,0.0,15,0.0,16,0.0,17,0.0,18,0.0,19,0.0,20,0.0,21,0.0,22,0.0,23,0.0,24,0.0,25,0.0,26,0.0,27,0.0,28,0.0,29,0.0,30,0.0,31,0.0,32,0.0,33,0.0,34,0.0,35,0.0,36,0.0,37,0.0,38,0.0,39,0.0,40,0.0,41,0.0,42,chello
0.0,11,0.0,12,0.0,13,0.0,14,0.0,15,0.0,16,0.0,17,0.0,18,0.0,19,0.0,20,0.0,21,0.0,22,0.0,23,0.0,24,0.0,25,0.0,26,0.0,27,0.0,28,0.0,29,0.0,30,0.0,31,0.0,32,0.0,33,0.0,34,0.0,35,0.0,36,0.0,37,0.0,38,0.0,39,0.0,40,0.0,41,0.0,42,chello
5621149.083267,19,5025521.423148,20,3059720.139254,18,2965794.236036,22,1690591.452369,40,1631307.76778,21,1532599.974891,17,1508272.673204,23,1225276.733155,37,1076794.85802,16,1035593.566299,36,1002618.221694,39,908505.25089,42,900320.681561,35,856392.416548,24,838937.528669,41,793816.250316,26,775032.429657,25,721280.850293,14,706966.436356,15,678397.653091,27,664646.522488,60,621871.120903,54,595028.397268,28,586298.48399,59,582266.749678,13,544220.562175,61,524907.696557,11,524641.209203,56,521974.153481,29,512575.281485,58,501836.702633,33,chello
8765861.632107,22,2083129.668251,43,2073337.47663,32,1881047.831266,33,1772722.724318,16,1363780.769572,85,1251272.468672,12,1097099.322079,11,953522.832223,64,744795.012386,31,728662.00586,95,691703.660101,34,676733.81366,21,670254.988289,23,587480.708487,19,491016.254364,30,475839.547084,36,460758.886892,35,381184.503919,96,377986.62243,20,355080.649824,17,342468.302558,45,322852.395826,106,300301.594101,29,291017.357235,169,285955.661443,53,283646.074757,13,270762.318404,37,265510.694695,84,263510.977307,27,244452.98989,44,243987.413538,158,chello
5572672.868784,14,3959360.612086,27,3255093.679294,28,3195650.416505,41,3109109.786876,16,1831948.23805,26,1813409.76735,40,1806324.998437,15,1518666.89157,13,1338377.982394,67,1236617.967236,29,1073365.718775,31,847221.069964,42,814928.680585,39,783442.998754,30,665852.130137,75,651321.887772,25,629525.285052,32,623583.955761,60,548294.599219,66,543601.309387,38,522009.776774,33,508072.391114,35,472190.792529,80,471749.845466,34,448304.821681,37,435903.49011,23,420192.205913,43,404132.558272,24,394071.944073,53,393321.096692,22,373559.344177,36,chello
0.0,11,0.0,12,0.0,13,0.0,14,0.0,15,0.0,16,0.0,17,0.0,18,0.0,19,0.0,20,0.0,21,0.0,22,0.0,23,0.0,24,0.0,25,0.0,26,0.0,27,0.0,28,0.0,29,0.0,30,0.0,31,0.0,32,0.0,33,0.0,34,0.0,35,0.0,36,0.0,37,0.0,38,0.0,39,0.0,40,0.0,41,0.0,42,chello
0.0,11,0.0,12,0.0,13,0.0,14,0.0,15,0.0,16,0.0,17,0.0,18,0.0,19,0.0,20,0.0,21,0.0,22,0.0,23,0.0,24,0.0,25,0.0,26,0.0,27,0.0,28,0.0,29,0.0,30,0.0,31,0.0,32,0.0,33,0.0,34,0.0,35,0.0,36,0.0,37,0.0,38,0.0,39,0.0,40,0.0,41,0.0,42,chello
3711738.282578,20,3546520.957469,33,3436232.754918,19,3152591.562017,21,3111202.739323,32,2566383.491675,22,2314954.545864,17,2131672.828671,18,1902174.404212,40,1592939.069094,16,1448032.071402,34,1326030.821819,49,1242495.111442,23,1207153.95486,38,1141987.568323,48,1057971.259327,39,1000481.028849,41,962370.397603,37,957005.658702,24,816824.513651,64,798028.629434,53,787609.640615,36,770704.934581,31,736137.664618,26,716540.294968,25,677721.875174,15,656426.379819,47,594173.038637,30,560405.743571,35,543454.612784,28,539725.801337,71,515889.945816,27,chello
8710980.066028,22,2475273.422842,43,2208630.434216,32,2063854.113703,33,1583948.447687,85,1527851.239561,11,1254846.01143,12,791658.575723,95,758849.001992,16,673848.78702,34,661481.181923,31,613786.224786,23,507975.146038,96,504766.411603,30,502923.671491,35,413850.666365,21,365520.790513,28,362890.289834,106,361870.911954,13,336150.66469,24,321468.088952,29,301722.572385,64,292889.158159,25,291651.395533,44,276262.841034,84,264287.873761,20,261723.91061,75,252312.244145,36,250708.377346,169,248427.257666,37,246096.473176,26,239270.611282,27,chello
6105932.093864,14,4823643.020331,41,2576204.313423,16,2521856.662335,28,2520622.476131,27,2210061.966477,40,2029357.996975,26,1357626.983461,39,1061443.174254,42,995395.306911,29,832961.656561,38,747569.162781,31,678352.608376,37,575414.281057,36,570506.57154,68,556298.096557,13,533143.091025,34,525251.751953,35,524494.211134,15,512588.418337,17,500336.424407,12,496245.908663,32,445100.424274,164,443315.437068,33,442818.971469,43,430762.656786,93,429968.72608,75,422273.870019,52,403717.456823,30,403292.847532,165,400146.836271,51,370386.360055,161,chello
0.0,11,0.0,12,0.0,13,0.0,14,0.0,15,0.0,16,0.0,17,0.0,18,0.0,19,0.0,20,0.0,21,0.0,22,0.0,23,0.0,24,0.0,25,0.0,26,0.0,27,0.0,28,0.0,29,0.0,30,0.0,31,0.0,32,0.0,33,0.0,34,0.0,35,0.0,36,0.0,37,0.0,38,0.0,39,0.0,40,0.0,41,0.0,42,chello
0.0,11,0.0,12,0.0,13,0.0,14,0.0,15,0.0,16,0.0,17,0.0,18,0.0,19,0.0,20,0.0,21,0.0,22,0.0,23,0.0,24,0.0,25,0.0,26,0.0,27,0.0,28,0.0,29,0.0,30,0.0,31,0.0,32,0.0,33,0.0,34,0.0,35,0.0,36,0.0,37,0.0,38,0.0,39,0.0,40,0.0,41,0.0,42,chello
6027336.52402,19,3982532.516938,31,2345659.853566,33,2167660.227105,16,1895189.747802,30,1836761.285433,18,1633685.030459,21,1629703.085235,36,1448738.219639,45,1418634.71869,60,1410377.971545,46,1377759.03857,20,1354323.223454,17,1349910.020878,32,1187090.022828,15,1095480.582963,61,933656.651241,48,919919.808741,40,911716.179642,49,883153.283725,37,874242.866583,39,856123.930584,35,772762.905188,59,752410.849379,44,680729.330421,41,646579.678031,34,632795.145736,22,607486.503496,105,587599.322313,53,571982.187974,63,538513.714646,29,519541.44221,38,chello
5230307.628571,27,4678810.634685,14,3575374.241748,21,2930369.081695,41,2442187.122,40,1681229.484614,20,1620472.368302,28,1453669.864101,26,1359639.101478,22,1345625.84009,19,1301475.304581,101,1226253.774311,42,947942.527674,13,882388.134992,23,778840.654273,16,718322.398071,62,710119.396093,18,706901.849393,39,703449.123283,29,644297.85994,38,556966.296038,33,546491.014337,61,542277.307202,17,531642.358942,35,523746.161527,102,473895.698536,15,471330.251366,24,445900.677147,67,429787.261541,99,426425.261637,11,423435.168487,31,414523.77056,140,chello
8810745.562112,22,2394280.413477,32,2166275.843197,43,1968753.858803,33,1580474.623971,12,1420398.789681,11,1401427.611694,85,835504.94984,21,722381.519763,34,642212.968443,95,635848.660795,31,569393.739433,13,546978.209163,15,494349.104568,20,492047.167294,96,481120.331554,35,426284.31824,14,414512.285733,23,362617.886195,30,342963.671092,36,326164.201449,42,294658.621176,18,292951.633894,16,284124.915273,37,283825.378318,29,264414.177559,64,256964.675425,38,240436.932195,106,239319.303248,17,231095.79328,53,224944.332881,84,211084.170903,41,chello
0.0,11,0.0,12,0.0,13,0.0,14,0.0,15,0.0,16,0.0,17,0.0,18,0.0,19,0.0,20,0.0,21,0.0,22,0.0,23,0.0,24,0.0,25,0.0,26,0.0,27,0.0,28,0.0,29,0.0,30,0.0,31,0.0,32,0.0,33,0.0,34,0.0,35,0.0,36,0.0,37,0.0,38,0.0,39,0.0,40,0.0,41,0.0,42,chello
0.0,11,0.0,12,0.0,13,0.0,14,0.0,15,0.0,16,0.0,17,0.0,18,0.0,19,0.0,20,0.0,21,0.0,22,0.0,23,0.0,24,0.0,25,0.0,26,0.0,27,0.0,28,0.0,29,0.0,30,0.0,31,0.0,32,0.0,33,0.0,34,0.0,35,0.0,36,0.0,37,0.0,38,0.0,39,0.0,40,0.0,41,0.0,42,chello
7832037.830285,21,3978404.228338,41,3118203.467378,14,2072759.999283,40,1368613.594241,61,1258068.007796,27,1144439.179251,20,806133.799671,101,716747.774418,39,701992.173977,140,661341.505871,42,596427.457335,38,582042.636165,81,574454.021101,22,553489.506652,60,551620.995197,16,521151.994383,80,486555.326245,28,460118.892622,23,453946.074256,43,418727.91698,13,392756.96331,37,389053.89456,67,387946.434846,99,358986.619514,141,354598.612278,31,339908.180711,44,334671.94339,120,328351.902697,59,328281.237762,24,318213.432714,36,311679.294979,139,chello
8976592.49953,22,2406121.200013,43,2186127.220149,32,1807995.541255,33,1475868.535175,11,1354069.321893,12,898877.195514,85,745598.594256,31,682809.328394,21,646049.828965,34,609885.105738,23,555867.597596,64,443691.286241,53,440126.652273,13,414173.238589,95,386771.960973,35,331915.809035,30,322231.555704,24,315046.202996,96,311998.737969,36,279449.319533,42,272672.358677,14,257049.405212,29,248564.484031,20,247159.227276,44,238620.951682,45,234628.936587,84,233198.915898,28,223025.755288,25,221542.415063,54,215629.236941,26,212536.720886,27,chello
0.0,11,0.0,12,0.0,13,0.0,14,0.0,15,0.0,16,0.0,17,0.0,18,0.0,19,0.0,20,0.0,21,0.0,22,0.0,23,0.0,24,0.0,25,0.0,26,0.0,27,0.0,28,0.0,29,0.0,30,0.0,31,0.0,32,0.0,33,0.0,34,0.0,35,0.0,36,0.0,37,0.0,38,0.0,39,0.0,40,0.0,41,0.0,42,chello
0.0,11,0.0,12,0.0,13,0.0,14,0.0,15,0.0,16,0.0,17,0.0,18,0.0,19,0.0,20,0.0,21,0.0,22,0.0,23,0.0,24,0.0,25,0.0,26,0.0,27,0.0,28,0.0,29,0.0,30,0.0,31,0.0,32,0.0,33,0.0,34,0.0,35,0.0,36,0.0,37,0.0,38,0.0,39,0.0,40,0.0,41,0.0,42,chello
9208389.057829,22,2236866.844926,32,1615093.228899,33,1541609.378512,43,1491865.834824,12,1440831.210452,11,853279.586425,64,683312.835051,85,656396.424681,31,592215.099492,34,588686.952207,23,549000.980114,21,511348.943639,13,444520.865668,16,434603.175687,53,387887.055205,35,387090.011284,30,340062.259442,20,325642.095934,54,302623.025667,14,272242.289285,95,272063.822697,17,271602.138409,29,268826.622012,36,256378.615569,18,256178.521415,19,249059.006065,24,239167.647156,28,217636.030368,27,209701.647396,26,209376.347437,42,193585.015078,37,chello
0.0,11,0.0,12,0.0,13,0.0,14,0.0,15,0.0,16,0.0,17,0.0,18,0.0,19,0.0,20,0.0,21,0.0,22,0.0,23,0.0,24,0.0,25,0.0,26,0.0,27,0.0,28,0.0,29,0.0,30,0.0,31,0.0,32,0.0,33,0.0,34,0.0,35,0.0,36,0.0,37,0.0,38,0.0,39,0.0,40,0.0,41,0.0,42,chello
0.0,11,0.0,12,0.0,13,0.0,14,0.0,15,0.0,16,0.0,17,0.0,18,0.0,19,0.0,20,0.0,21,0.0,22,0.0,23,0.0,24,0.0,25,0.0,26,0.0,27,0.0,28,0.0,29,0.0,30,0.0,31,0.0,32,0.0,33,0.0,34,0.0,35,0.0,36,0.0,37,0.0,38,0.0,39,0.0,40,0.0,41,0.0,42,chello
9432772.972552,22,1733028.124939,33,1603166.426276,32,1561508.667178,43,1320436.419045,12,1175444.58608,11,1093645.640791,21,554981.679513,31,552632.443488,34,489760.61391,13,437127.760467,20,434311.982201,85,357619.997389,16,330670.257042,35,324437.794986,30,320561.689886,19,314896.856489,64,314590.034965,14,295506.91663,23,286343.635163,18,281916.821578,15,273415.9786,42,270650.851939,17,248251.296735,36,223933.353421,29,219734.985997,24,206399.461255,54,196171.547404,37,190470.498778,38,186245.083138,96,173813.763671,84,173756.410502,25,chello
0.0,11,0.0,12,0.0,13,0.0,14,0.0,15,0.0,16,0.0,17,0.0,18,0.0,19,0.0,20,0.0,21,0.0,22,0.0,23,0.0,24,0.0,25,0.0,26,0.0,27,0.0,28,0.0,29,0.0,30,0.0,31,0.0,32,0.0,33,0.0,34,0.0,35,0.0,36,0.0,37,0.0,38,0.0,39,0.0,40,0.0,41,0.0,42,chello
0.0,11,0.0,12,0.0,13,0.0,14,0.0,15,0.0,16,0.0,17,0.0,18,0.0,19,0.0,20,0.0,21,0.0,22,0.0,23,0.0,24,0.0,25,0.0,26,0.0,27,0.0,28,0.0,29,0.0,30,0.0,31,0.0,32,0.0,33,0.0,34,0.0,35,0.0,36,0.0,37,0.0,38,0.0,39,0.0,40,0.0,41,0.0,42,chello
9585190.185313,22,1743594.168271,32,1350975.221304,11,1142635.939419,12,1021689.065852,43,1014871.836353,33,902171.567707,21,861204.155746,23,482948.877609,31,457467.153747,24,429994.500145,13,429132.603057,34,387768.419833,20,375919.070202,30,365435.755383,85,324877.71545,25,296355.101895,26,287703.99206,29,286593.319086,14,265962.166931,28,253290.402509,35,248396.311093,19,245874.501302,15,245117.173984,27,209983.240903,16,205743.599509,42,187076.169691,64,180309.923238,44,179731.597455,53,161976.233504,18,159867.632842,17,153034.322545,54,chello
0.0,11,0.0,12,0.0,13,0.0,14,0.0,15,0.0,16,0.0,17,0.0,18,0.0,19,0.0,20,0.0,21,0.0,22,0.0,23,0.0,24,0.0,25,0.0,26,0.0,27,0.0,28,0.0,29,0.0,30,0.0,31,0.0,32,0.0,33,0.0,34,0.0,35,0.0,36,0.0,37,0.0,38,0.0,39,0.0,40,0.0,41,0.0,42,chello
0.0,11,0.0,12,0.0,13,0.0,14,0.0,15,0.0,16,0.0,17,0.0,18,0.0,19,0.0,20,0.0,21,0.0,22,0.0,23,0.0,24,0.0,25,0.0,26,0.0,27,0.0,28,0.0,29,0.0,30,0.0,31,0.0,32,0.0,33,0.0,34,0.0,35,0.0,36,0.0,37,0.0,38,0.0,39,0.0,40,0.0,41,0.0,42,chello
0.0,11,0.0,12,0.0,13,0.0,14,0.0,15,0.0,16,0.0,17,0.0,18,0.0,19,0.0,20,0.0,21,0.0,22,0.0,23,0.0,24,0.0,25,0.0,26,0.0,27,0.0,28,0.0,29,0.0,30,0.0,31,0.0,32,0.0,33,0.0,34,0.0,35,0.0,36,0.0,37,0.0,38,0.0,39,0.0,40,0.0,41,0.0,42,chello
0.0,11,0.0,12,0.0,13,0.0,14,0.0,15,0.0,16,0.0,17,0.0,18,0.0,19,0.0,20,0.0,21,0.0,22,0.0,23,0.0,24,0.0,25,0.0,26,0.0,27,0.0,28,0.0,29,0.0,30,0.0,31,0.0,32,0.0,33,0.0,34,0.0,35,0.0,36,0.0,37,0.0,38,0.0,39,0.0,40,0.0,41,0.0,42,chello
0.0,11,0.0,12,0.0,13,0.0,14,0.0,15,0.0,16,0.0,17,0.0,18,0.0,19,0.0,20,0.0,21,0.0,22,0.0,23,0.0,24,0.0,25,0.0,26,0.0,27,0.0,28,0.0,29,0.0,30,0.0,31,0.0,32,0.0,33,0.0,34,0.0,35,0.0,36,0.0,37,0.0,38,0.0,39,0.0,40,0.0,41,0.0,42,chello
0.0,11,0.0,12,0.0,13,0.0,14,0.0,15,0.0,16,0.0,17,0.0,18,0.0,19,0.0,20,0.0,21,0.0,22,0.0,23,0.0,24,0.0,25,0.0,26,0.0,27,0.0,28,0.0,29,0.0,30,0.0,31,0.0,32,0.0,33,0.0,34,0.0,35,0.0,36,0.0,37,0.0,38,0.0,39,0.0,40,0.0,41,0.0,42,chello
0.0,11,0.0,12,0.0,13,0.0,14,0.0,15,0.0,16,0.0,17,0.0,18,0.0,19,0.0,20,0.0,21,0.0,22,0.0,23,0.0,24,0.0,25,0.0,26,0.0,27,0.0,28,0.0,29,0.0,30,0.0,31,0.0,32,0.0,33,0.0,34,0.0,35,0.0,36,0.0,37,0.0,38,0.0,39,0.0,40,0.0,41,0.0,42,chello
0.0,11,0.0,12,0.0,13,0.0,14,0.0,15,0.0,16,0.0,17,0.0,18,0.0,19,0.0,20,0.0,21,0.0,22,0.0,23,0.0,24,0.0,25,0.0,26,0.0,27,0.0,28,0.0,29,0.0,30,0.0,31,0.0,32,0.0,33,0.0,34,0.0,35,0.0,36,0.0,37,0.0,38,0.0,39,0.0,40,0.0,41,0.0,42,chello
0.0,11,0.0,12,0.0,13,0.0,14,0.0,15,0.0,16,0.0,17,0.0,18,0.0,19,0.0,20,0.0,21,0.0,22,0.0,23,0.0,24,0.0,25,0.0,26,0.0,27,0.0,28,0.0,29,0.0,30,0.0,31,0.0,32,0.0,33,0.0,34,0.0,35,0.0,36,0.0,37,0.0,38,0.0,39,0.0,40,0.0,41,0.0,42,chello
0.0,11,0.0,12,0.0,13,0.0,14,0.0,15,0.0,16,0.0,17,0.0,18,0.0,19,0.0,20,0.0,21,0.0,22,0.0,23,0.0,24,0.0,25,0.0,26,0.0,27,0.0,28,0.0,29,0.0,30,0.0,31,0.0,32,0.0,33,0.0,34,0.0,35,0.0,36,0.0,37,0.0,38,0.0,39,0.0,40,0.0,41,0.0,42,chello
0.0,11,0.0,12,0.0,13,0.0,14,0.0,15,0.0,16,0.0,17,0.0,18,0.0,19,0.0,20,0.0,21,0.0,22,0.0,23,0.0,24,0.0,25,0.0,26,0.0,27,0.0,28,0.0,29,0.0,30,0.0,31,0.0,32,0.0,33,0.0,34,0.0,35,0.0,36,0.0,37,0.0,38,0.0,39,0.0,40,0.0,41,0.0,42,chello
0.0,11,0.0,12,0.0,13,0.0,14,0.0,15,0.0,16,0.0,17,0.0,18,0.0,19,0.0,20,0.0,21,0.0,22,0.0,23,0.0,24,0.0,25,0.0,26,0.0,27,0.0,28,0.0,29,0.0,30,0.0,31,0.0,32,0.0,33,0.0,34,0.0,35,0.0,36,0.0,37,0.0,38,0.0,39,0.0,40,0.0,41,0.0,42,chello
0.0,11,0.0,12,0.0,13,0.0,14,0.0,15,0.0,16,0.0,17,0.0,18,0.0,19,0.0,20,0.0,21,0.0,22,0.0,23,0.0,24,0.0,25,0.0,26,0.0,27,0.0,28,0.0,29,0.0,30,0.0,31,0.0,32,0.0,33,0.0,34,0.0,35,0.0,36,0.0,37,0.0,38,0.0,39,0.0,40,0.0,41,0.0,42,chello
0.0,11,0.0,12,0.0,13,0.0,14,0.0,15,0.0,16,0.0,17,0.0,18,0.0,19,0.0,20,0.0,21,0.0,22,0.0,23,0.0,24,0.0,25,0.0,26,0.0,27,0.0,28,0.0,29,0.0,30,0.0,31,0.0,32,0.0,33,0.0,34,0.0,35,0.0,36,0.0,37,0.0,38,0.0,39,0.0,40,0.0,41,0.0,42,chello
0.0,11,0.0,12,0.0,13,0.0,14,0.0,15,0.0,16,0.0,17,0.0,18,0.0,19,0.0,20,0.0,21,0.0,22,0.0,23,0.0,24,0.0,25,0.0,26,0.0,27,0.0,28,0.0,29,0.0,30,0.0,31,0.0,32,0.0,33,0.0,34,0.0,35,0.0,36,0.0,37,0.0,38,0.0,39,0.0,40,0.0,41,0.0,42,chello
0.0,11,0.0,12,0.0,13,0.0,14,0.0,15,0.0,16,0.0,17,0.0,18,0.0,19,0.0,20,0.0,21,0.0,22,0.0,23,0.0,24,0.0,25,0.0,26,0.0,27,0.0,28,0.0,29,0.0,30,0.0,31,0.0,32,0.0,33,0.0,34,0.0,35,0.0,36,0.0,37,0.0,38,0.0,39,0.0,40,0.0,41,0.0,42,chello
0.0,11,0.0,12,0.0,13,0.0,14,0.0,15,0.0,16,0.0,17,0.0,18,0.0,19,0.0,20,0.0,21,0.0,22,0.0,23,0.0,24,0.0,25,0.0,26,0.0,27,0.0,28,0.0,29,0.0,30,0.0,31,0.0,32,0.0,33,0.0,34,0.0,35,0.0,36,0.0,37,0.0,38,0.0,39,0.0,40,0.0,41,0.0,42,chello
0.0,11,0.0,12,0.0,13,0.0,14,0.0,15,0.0,16,0.0,17,0.0,18,0.0,19,0.0,20,0.0,21,0.0,22,0.0,23,0.0,24,0.0,25,0.0,26,0.0,27,0.0,28,0.0,29,0.0,30,0.0,31,0.0,32,0.0,33,0.0,34,0.0,35,0.0,36,0.0,37,0.0,38,0.0,39,0.0,40,0.0,41,0.0,42,chello
0.0,11,0.0,12,0.0,13,0.0,14,0.0,15,0.0,16,0.0,17,0.0,18,0.0,19,0.0,20,0.0,21,0.0,22,0.0,23,0.0,24,0.0,25,0.0,26,0.0,27,0.0,28,0.0,29,0.0,30,0.0,31,0.0,32,0.0,33,0.0,34,0.0,35,0.0,36,0.0,37,0.0,38,0.0,39,0.0,40,0.0,41,0.0,42,chello
0.0,11,0.0,12,0.0,13,0.0,14,0.0,15,0.0,16,0.0,17,0.0,18,0.0,19,0.0,20,0.0,21,0.0,22,0.0,23,0.0,24,0.0,25,0.0,26,0.0,27,0.0,28,0.0,29,0.0,30,0.0,31,0.0,32,0.0,33,0.0,34,0.0,35,0.0,36,0.0,37,0.0,38,0.0,39,0.0,40,0.0,41,0.0,42,chello
0.0,11,0.0,12,0.0,13,0.0,14,0.0,15,0.0,16,0.0,17,0.0,18,0.0,19,0.0,20,0.0,21,0.0,22,0.0,23,0.0,24,0.0,25,0.0,26,0.0,27,0.0,28,0.0,29,0.0,30,0.0,31,0.0,32,0.0,33,0.0,34,0.0,35,0.0,36,0.0,37,0.0,38,0.0,39,0.0,40,0.0,41,0.0,42,chello
0.0,11,0.0,12,0.0,13,0.0,14,0.0,15,0.0,16,0.0,17,0.0,18,0.0,19,0.0,20,0.0,21,0.0,22,0.0,23,0.0,24,0.0,25,0.0,26,0.0,27,0.0,28,0.0,29,0.0,30,0.0,31,0.0,32,0.0,33,0.0,34,0.0,35,0.0,36,0.0,37,0.0,38,0.0,39,0.0,40,0.0,41,0.0,42,chello
0.0,11,0.0,12,0.0,13,0.0,14,0.0,15,0.0,16,0.0,17,0.0,18,0.0,19,0.0,20,0.0,21,0.0,22,0.0,23,0.0,24,0.0,25,0.0,26,0.0,27,0.0,28,0.0,29,0.0,30,0.0,31,0.0,32,0.0,33,0.0,34,0.0,35,0.0,36,0.0,37,0.0,38,0.0,39,0.0,40,0.0,41,0.0,42,chello
0.0,11,0.0,12,0.0,13,0.0,14,0.0,15,0.0,16,0.0,17,0.0,18,0.0,19,0.0,20,0.0,21,0.0,22,0.0,23,0.0,24,0.0,25,0.0,26,0.0,27,0.0,28,0.0,29,0.0,30,0.0,31,0.0,32,0.0,33,0.0,34,0.0,35,0.0,36,0.0,37,0.0,38,0.0,39,0.0,40,0.0,41,0.0,42,chello
0.0,11,0.0,12,0.0,13,0.0,14,0.0,15,0.0,16,0.0,17,0.0,18,0.0,19,0.0,20,0.0,21,0.0,22,0.0,23,0.0,24,0.0,25,0.0,26,0.0,27,0.0,28,0.0,29,0.0,30,0.0,31,0.0,32,0.0,33,0.0,34,0.0,35,0.0,36,0.0,37,0.0,38,0.0,39,0.0,40,0.0,41,0.0,42,chello
0.0,11,0.0,12,0.0,13,0.0,14,0.0,15,0.0,16,0.0,17,0.0,18,0.0,19,0.0,20,0.0,21,0.0,22,0.0,23,0.0,24,0.0,25,0.0,26,0.0,27,0.0,28,0.0,29,0.0,30,0.0,31,0.0,32,0.0,33,0.0,34,0.0,35,0.0,36,0.0,37,0.0,38,0.0,39,0.0,40,0.0,41,0.0,42,chello
0.0,11,0.0,12,0.0,13,0.0,14,0.0,15,0.0,16,0.0,17,0.0,18,0.0,19,0.0,20,0.0,21,0.0,22,0.0,23,0.0,24,0.0,25,0.0,26,0.0,27,0.0,28,0.0,29,0.0,30,0.0,31,0.0,32,0.0,33,0.0,34,0.0,35,0.0,36,0.0,37,0.0,38,0.0,39,0.0,40,0.0,41,0.0,42,chello
0.0,11,0.0,12,0.0,13,0.0,14,0.0,15,0.0,16,0.0,17,0.0,18,0.0,19,0.0,20,0.0,21,0.0,22,0.0,23,0.0,24,0.0,25,0.0,26,0.0,27,0.0,28,0.0,29,0.0,30,0.0,31,0.0,32,0.0,33,0.0,34,0.0,35,0.0,36,0.0,37,0.0,38,0.0,39,0.0,40,0.0,41,0.0,42,chello
0.0,11,0.0,12,0.0,13,0.0,14,0.0,15,0.0,16,0.0,17,0.0,18,0.0,19,0.0,20,0.0,21,0.0,22,0.0,23,0.0,24,0.0,25,0.0,26,0.0,27,0.0,28,0.0,29,0.0,30,0.0,31,0.0,32,0.0,33,0.0,34,0.0,35,0.0,36,0.0,37,0.0,38,0.0,39,0.0,40,0.0,41,0.0,42,chello
0.0,11,0.0,12,0.0,13,0.0,14,0.0,15,0.0,16,0.0,17,0.0,18,0.0,19,0.0,20,0.0,21,0.0,22,0.0,23,0.0,24,0.0,25,0.0,26,0.0,27,0.0,28,0.0,29,0.0,30,0.0,31,0.0,32,0.0,33,0.0,34,0.0,35,0.0,36,0.0,37,0.0,38,0.0,39,0.0,40,0.0,41,0.0,42,chello
0.0,11,0.0,12,0.0,13,0.0,14,0.0,15,0.0,16,0.0,17,0.0,18,0.0,19,0.0,20,0.0,21,0.0,22,0.0,23,0.0,24,0.0,25,0.0,26,0.0,27,0.0,28,0.0,29,0.0,30,0.0,31,0.0,32,0.0,33,0.0,34,0.0,35,0.0,36,0.0,37,0.0,38,0.0,39,0.0,40,0.0,41,0.0,42,chello
0.0,11,0.0,12,0.0,13,0.0,14,0.0,15,0.0,16,0.0,17,0.0,18,0.0,19,0.0,20,0.0,21,0.0,22,0.0,23,0.0,24,0.0,25,0.0,26,0.0,27,0.0,28,0.0,29,0.0,30,0.0,31,0.0,32,0.0,33,0.0,34,0.0,35,0.0,36,0.0,37,0.0,38,0.0,39,0.0,40,0.0,41,0.0,42,chello
0.0,11,0.0,12,0.0,13,0.0,14,0.0,15,0.0,16,0.0,17,0.0,18,0.0,19,0.0,20,0.0,21,0.0,22,0.0,23,0.0,24,0.0,25,0.0,26,0.0,27,0.0,28,0.0,29,0.0,30,0.0,31,0.0,32,0.0,33,0.0,34,0.0,35,0.0,36,0.0,37,0.0,38,0.0,39,0.0,40,0.0,41,0.0,42,chello
0.0,11,0.0,12,0.0,13,0.0,14,0.0,15,0.0,16,0.0,17,0.0,18,0.0,19,0.0,20,0.0,21,0.0,22,0.0,23,0.0,24,0.0,25,0.0,26,0.0,27,0.0,28,0.0,29,0.0,30,0.0,31,0.0,32,0.0,33,0.0,34,0.0,35,0.0,36,0.0,37,0.0,38,0.0,39,0.0,40,0.0,41,0.0,42,chello
0.0,11,0.0,12,0.0,13,0.0,14,0.0,15,0.0,16,0.0,17,0.0,18,0.0,19,0.0,20,0.0,21,0.0,22,0.0,23,0.0,24,0.0,25,0.0,26,0.0,27,0.0,28,0.0,29,0.0,30,0.0,31,0.0,32,0.0,33,0.0,34,0.0,35,0.0,36,0.0,37,0.0,38,0.0,39,0.0,40,0.0,41,0.0,42,chello
0.0,11,0.0,12,0.0,13,0.0,14,0.0,15,0.0,16,0.0,17,0.0,18,0.0,19,0.0,20,0.0,21,0.0,22,0.0,23,0.0,24,0.0,25,0.0,26,0.0,27,0.0,28,0.0,29,0.0,30,0.0,31,0.0,32,0.0,33,0.0,34,0.0,35,0.0,36,0.0,37,0.0,38,0.0,39,0.0,40,0.0,41,0.0,42,chello
0.0,11,0.0,12,0.0,13,0.0,14,0.0,15,0.0,16,0.0,17,0.0,18,0.0,19,0.0,20,0.0,21,0.0,22,0.0,23,0.0,24,0.0,25,0.0,26,0.0,27,0.0,28,0.0,29,0.0,30,0.0,31,0.0,32,0.0,33,0.0,34,0.0,35,0.0,36,0.0,37,0.0,38,0.0,39,0.0,40,0.0,41,0.0,42,chello
0.0,11,0.0,12,0.0,13,0.0,14,0.0,15,0.0,16,0.0,17,0.0,18,0.0,19,0.0,20,0.0,21,0.0,22,0.0,23,0.0,24,0.0,25,0.0,26,0.0,27,0.0,28,0.0,29,0.0,30,0.0,31,0.0,32,0.0,33,0.0,34,0.0,35,0.0,36,0.0,37,0.0,38,0.0,39,0.0,40,0.0,41,0.0,42,chello
0.0,11,0.0,12,0.0,13,0.0,14,0.0,15,0.0,16,0.0,17,0.0,18,0.0,19,0.0,20,0.0,21,0.0,22,0.0,23,0.0,24,0.0,25,0.0,26,0.0,27,0.0,28,0.0,29,0.0,30,0.0,31,0.0,32,0.0,33,0.0,34,0.0,35,0.0,36,0.0,37,0.0,38,0.0,39,0.0,40,0.0,41,0.0,42,chello
0.0,11,0.0,12,0.0,13,0.0,14,0.0,15,0.0,16,0.0,17,0.0,18,0.0,19,0.0,20,0.0,21,0.0,22,0.0,23,0.0,24,0.0,25,0.0,26,0.0,27,0.0,28,0.0,29,0.0,30,0.0,31,0.0,32,0.0,33,0.0,34,0.0,35,0.0,36,0.0,37,0.0,38,0.0,39,0.0,40,0.0,41,0.0,42,chello
0.0,11,0.0,12,0.0,13,0.0,14,0.0,15,0.0,16,0.0,17,0.0,18,0.0,19,0.0,20,0.0,21,0.0,22,0.0,23,0.0,24,0.0,25,0.0,26,0.0,27,0.0,28,0.0,29,0.0,30,0.0,31,0.0,32,0.0,33,0.0,34,0.0,35,0.0,36,0.0,37,0.0,38,0.0,39,0.0,40,0.0,41,0.0,42,chello
0.0,11,0.0,12,0.0,13,0.0,14,0.0,15,0.0,16,0.0,17,0.0,18,0.0,19,0.0,20,0.0,21,0.0,22,0.0,23,0.0,24,0.0,25,0.0,26,0.0,27,0.0,28,0.0,29,0.0,30,0.0,31,0.0,32,0.0,33,0.0,34,0.0,35,0.0,36,0.0,37,0.0,38,0.0,39,0.0,40,0.0,41,0.0,42,chello
0.0,11,0.0,12,0.0,13,0.0,14,0.0,15,0.0,16,0.0,17,0.0,18,0.0,19,0.0,20,0.0,21,0.0,22,0.0,23,0.0,24,0.0,25,0.0,26,0.0,27,0.0,28,0.0,29,0.0,30,0.0,31,0.0,32,0.0,33,0.0,34,0.0,35,0.0,36,0.0,37,0.0,38,0.0,39,0.0,40,0.0,41,0.0,42,chello
0.0,11,0.0,12,0.0,13,0.0,14,0.0,15,0.0,16,0.0,17,0.0,18,0.0,19,0.0,20,0.0,21,0.0,22,0.0,23,0.0,24,0.0,25,0.0,26,0.0,27,0.0,28,0.0,29,0.0,30,0.0,31,0.0,32,0.0,33,0.0,34,0.0,35,0.0,36,0.0,37,0.0,38,0.0,39,0.0,40,0.0,41,0.0,42,chello
4611131.642268,24,2683324.726612,48,2602863.030541,31,2567556.882982,95,2495739.309614,49,2372579.669293,47,2174952.928222,30,1997687.821818,25,1814010.248848,50,1774972.073531,72,1749807.657358,46,1577559.737283,96,1428640.820045,32,1377765.004953,15,1345039.664593,16,1200850.960908,23,1108409.791343,97,998101.265492,134,994520.969943,17,978615.979675,21,905355.99049,51,858899.325809,20,815798.696124,94,787841.602817,19,783639.051189,22,727397.146606,71,711269.692331,89,702939.43407,42,686346.229887,29,680629.79137,18,668269.279274,90,664047.925317,52,chello
0.0,11,0.0,12,0.0,13,0.0,14,0.0,15,0.0,16,0.0,17,0.0,18,0.0,19,0.0,20,0.0,21,0.0,22,0.0,23,0.0,24,0.0,25,0.0,26,0.0,27,0.0,28,0.0,29,0.0,30,0.0,31,0.0,32,0.0,33,0.0,34,0.0,35,0.0,36,0.0,37,0.0,38,0.0,39,0.0,40,0.0,41,0.0,42,chello
0.0,11,0.0,12,0.0,13,0.0,14,0.0,15,0.0,16,0.0,17,0.0,18,0.0,19,0.0,20,0.0,21,0.0,22,0.0,23,0.0,24,0.0,25,0.0,26,0.0,27,0.0,28,0.0,29,0.0,30,0.0,31,0.0,32,0.0,33,0.0,34,0.0,35,0.0,36,0.0,37,0.0,38,0.0,39,0.0,40,0.0,41,0.0,42,chello
0.0,11,0.0,12,0.0,13,0.0,14,0.0,15,0.0,16,0.0,17,0.0,18,0.0,19,0.0,20,0.0,21,0.0,22,0.0,23,0.0,24,0.0,25,0.0,26,0.0,27,0.0,28,0.0,29,0.0,30,0.0,31,0.0,32,0.0,33,0.0,34,0.0,35,0.0,36,0.0,37,0.0,38,0.0,39,0.0,40,0.0,41,0.0,42,chello
0.0,11,0.0,12,0.0,13,0.0,14,0.0,15,0.0,16,0.0,17,0.0,18,0.0,19,0.0,20,0.0,21,0.0,22,0.0,23,0.0,24,0.0,25,0.0,26,0.0,27,0.0,28,0.0,29,0.0,30,0.0,31,0.0,32,0.0,33,0.0,34,0.0,35,0.0,36,0.0,37,0.0,38,0.0,39,0.0,40,0.0,41,0.0,42,chello
0.0,11,0.0,12,0.0,13,0.0,14,0.0,15,0.0,16,0.0,17,0.0,18,0.0,19,0.0,20,0.0,21,0.0,22,0.0,23,0.0,24,0.0,25,0.0,26,0.0,27,0.0,28,0.0,29,0.0,30,0.0,31,0.0,32,0.0,33,0.0,34,0.0,35,0.0,36,0.0,37,0.0,38,0.0,39,0.0,40,0.0,41,0.0,42,chello
7008291.297011,16,4859742.32131,31,2576749.053296,15,1750468.09596,90,1609781.180634,48,1306827.013687,135,1140368.411299,45,1051089.504057,32,987044.448008,17,956122.476139,46,948823.16552,25,937141.788314,24,922874.45578,14,921150.11715,120,891092.067628,134,804317.462186,75,681259.644501,60,673087.957986,33,669019.67444,209,586766.700431,13,556793.902946,30,493122.785515,21,461049.993833,22,444330.745258,34,442209.098105,136,416093.825847,23,414288.285335,18,411443.087763,119,399983.897108,12,380078.733431,91,371016.810494,72,358154.625219,194,chello
0.0,11,0.0,12,0.0,13,0.0,14,0.0,15,0.0,16,0.0,17,0.0,18,0.0,19,0.0,20,0.0,21,0.0,22,0.0,23,0.0,24,0.0,25,0.0,26,0.0,27,0.0,28,0.0,29,0.0,30,0.0,31,0.0,32,0.0,33,0.0,34,0.0,35,0.0,36,0.0,37,0.0,38,0.0,39,0.0,40,0.0,41,0.0,42,chello
0.0,11,0.0,12,0.0,13,0.0,14,0.0,15,0.0,16,0.0,17,0.0,18,0.0,19,0.0,20,0.0,21,0.0,22,0.0,23,0.0,24,0.0,25,0.0,26,0.0,27,0.0,28,0.0,29,0.0,30,0.0,31,0.0,32,0.0,33,0.0,34,0.0,35,0.0,36,0.0,37,0.0,38,0.0,39,0.0,40,0.0,41,0.0,42,chello
0.0,11,0.0,12,0.0,13,0.0,14,0.0,15,0.0,16,0.0,17,0.0,18,0.0,19,0.0,20,0.0,21,0.0,22,0.0,23,0.0,24,0.0,25,0.0,26,0.0,27,0.0,28,0.0,29,0.0,30,0.0,31,0.0,32,0.0,33,0.0,34,0.0,35,0.0,36,0.0,37,0.0,38,0.0,39,0.0,40,0.0,41,0.0,42,chello
0.0,11,0.0,12,0.0,13,0.0,14,0.0,15,0.0,16,0.0,17,0.0,18,0.0,19,0.0,20,0.0,21,0.0,22,0.0,23,0.0,24,0.0,25,0.0,26,0.0,27,0.0,28,0.0,29,0.0,30,0.0,31,0.0,32,0.0,33,0.0,34,0.0,35,0.0,36,0.0,37,0.0,38,0.0,39,0.0,40,0.0,41,0.0,42,chello
5437924.247282,16,4328758.377506,26,2589421.802401,25,2402082.363616,15,2216457.235872,50,2014267.392638,30,1828264.106275,48,1789913.522484,31,1571593.854946,51,1179022.588311,27,1174348.551096,33,1087744.14151,75,1022996.852236,17,1008066.219462,101,920139.287594,23,913810.33094,28,893580.995696,95,864272.105472,100,851475.308486,14,754146.190459,49,753012.327524,40,716819.322158,34,708172.085045,200,666880.989376,43,655954.663923,52,636049.952685,29,631265.363519,44,618686.6165,13,615261.186383,45,597688.263312,76,576300.027957,21,535185.156725,249,chello
0.0,11,0.0,12,0.0,13,0.0,14,0.0,15,0.0,16,0.0,17,0.0,18,0.0,19,0.0,20,0.0,21,0.0,22,0.0,23,0.0,24,0.0,25,0.0,26,0.0,27,0.0,28,0.0,29,0.0,30,0.0,31,0.0,32,0.0,33,0.0,34,0.0,35,0.0,36,0.0,37,0.0,38,0.0,39,0.0,40,0.0,41,0.0,42,chello
0.0,11,0.0,12,0.0,13,0.0,14,0.0,15,0.0,16,0.0,17,0.0,18,0.0,19,0.0,20,0.0,21,0.0,22,0.0,23,0.0,24,0.0,25,0.0,26,0.0,27,0.0,28,0.0,29,0.0,30,0.0,31,0.0,32,0.0,33,0.0,34,0.0,35,0.0,36,0.0,37,0.0,38,0.0,39,0.0,40,0.0,41,0.0,42,chello
6658669.084701,26,4979856.113816,51,2812807.819543,16,2364524.80914,50,1789062.293555,100,1394739.799755,101,1187194.570807,49,1148363.731952,48,1090245.333014,31,1039500.333911,15,988470.594117,30,954901.388586,126,903439.722621,25,898054.149722,125,762207.196583,250,647524.918564,200,525147.2648,102,494209.455691,52,486618.35228,275,457865.143386,99,457349.948906,29,455766.732408,90,438333.498745,24,427792.100654,76,427667.240651,249,423836.880121,33,418781.033914,75,393517.397526,225,393463.145954,28,388914.229387,53,355915.562013,45,353212.573763,248,chello
0.0,11,0.0,12,0.0,13,0.0,14,0.0,15,0.0,16,0.0,17,0.0,18,0.0,19,0.0,20,0.0,21,0.0,22,0.0,23,0.0,24,0.0,25,0.0,26,0.0,27,0.0,28,0.0,29,0.0,30,0.0,31,0.0,32,0.0,33,0.0,34,0.0,35,0.0,36,0.0,37,0.0,38,0.0,39,0.0,40,0.0,41,0.0,42,chello
0.0,11,0.0,12,0.0,13,0.0,14,0.0,15,0.0,16,0.0,17,0.0,18,0.0,19,0.0,20,0.0,21,0.0,22,0.0,23,0.0,24,0.0,25,0.0,26,0.0,27,0.0,28,0.0,29,0.0,30,0.0,31,0.0,32,0.0,33,0.0,34,0.0,35,0.0,36,0.0,37,0.0,38,0.0,39,0.0,40,0.0,41,0.0,42,chello
0.0,11,0.0,12,0.0,13,0.0,14,0.0,15,0.0,16,0.0,17,0.0,18,0.0,19,0.0,20,0.0,21,0.0,22,0.0,23,0.0,24,0.0,25,0.0,26,0.0,27,0.0,28,0.0,29,0.0,30,0.0,31,0.0,32,0.0,33,0.0,34,0.0,35,0.0,36,0.0,37,0.0,38,0.0,39,0.0,40,0.0,41,0.0,42,chello
4639329.024001,16,4487180.72199,30,4399326.178271,31,3170498.218665,26,1499395.287954,100,1457422.808557,45,1258775.349462,25,1228170.256751,50,1205922.236955,29,1158165.869554,34,1109046.512154,33,1009344.013188,44,957372.606615,15,946938.513025,32,946454.476004,51,911339.809657,35,898600.284476,52,869449.553021,28,860918.506933,22,764519.071941,49,723976.347289,101,619276.983658,20,610818.423518,23,606526.003084,104,603454.347074,17,601449.094726,178,597739.230885,36,589518.280033,134,579903.575067,76,579256.175477,24,572297.747278,48,540103.098154,102,chello
0.0,11,0.0,12,0.0,13,0.0,14,0.0,15,0.0,16,0.0,17,0.0,18,0.0,19,0.0,20,0.0,21,0.0,22,0.0,23,0.0,24,0.0,25,0.0,26,0.0,27,0.0,28,0.0,29,0.0,30,0.0,31,0.0,32,0.0,33,0.0,34,0.0,35,0.0,36,0.0,37,0.0,38,0.0,39,0.0,40,0.0,41,0.0,42,chello
0.0,11,0.0,12,0.0,13,0.0,14,0.0,15,0.0,16,0.0,17,0.0,18,0.0,19,0.0,20,0.0,21,0.0,22,0.0,23,0.0,24,0.0,25,0.0,26,0.0,27,0.0,28,0.0,29,0.0,30,0.0,31,0.0,32,0.0,33,0.0,34,0.0,35,0.0,36,0.0,37,0.0,38,0.0,39,0.0,40,0.0,41,0.0,42,chello
0.0,11,0.0,12,0.0,13,0.0,14,0.0,15,0.0,16,0.0,17,0.0,18,0.0,19,0.0,20,0.0,21,0.0,22,0.0,23,0.0,24,0.0,25,0.0,26,0.0,27,0.0,28,0.0,29,0.0,30,0.0,31,0.0,32,0.0,33,0.0,34,0.0,35,0.0,36,0.0,37,0.0,38,0.0,39,0.0,40,0.0,41,0.0,42,chello
6566224.331271,31,4484774.648995,16,3017706.06006,30,2556005.112272,26,1773672.14368,45,1510546.751906,15,1320859.799164,32,1279473.34447,134,1226740.3059,29,1084863.459571,46,1009977.038203,135,978145.561275,105,870770.668836,17,833793.385926,75,786720.94185,27,750078.363322,34,699405.168338,28,688737.769433,33,674691.093514,60,652693.377699,23,643358.577376,25,627572.015556,14,614398.774718,120,611680.377893,48,498531.202847,36,482234.907133,35,481914.78203,18,468515.356026,90,424254.749801,133,422462.013537,21,413156.966857,42,397860.383499,41,chello
0.0,11,0.0,12,0.0,13,0.0,14,0.0,15,0.0,16,0.0,17,0.0,18,0.0,19,0.0,20,0.0,21,0.0,22,0.0,23,0.0,24,0.0,25,0.0,26,0.0,27,0.0,28,0.0,29,0.0,30,0.0,31,0.0,32,0.0,33,0.0,34,0.0,35,0.0,36,0.0,37,0.0,38,0.0,39,0.0,40,0.0,41,0.0,42,chello
0.0,11,0.0,12,0.0,13,0.0,14,0.0,15,0.0,16,0.0,17,0.0,18,0.0,19,0.0,20,0.0,21,0.0,22,0.0,23,0.0,24,0.0,25,0.0,26,0.0,27,0.0,28,0.0,29,0.0,30,0.0,31,0.0,32,0.0,33,0.0,34,0.0,35,0.0,36,0.0,37,0.0,38,0.0,39,0.0,40,0.0,41,0.0,42,chello
6058681.90231,16,3061777.848942,15,2537602.405399,54,2039893.575237,105,1981840.140718,133,1346052.742422,28,1281603.471923,17,1273238.400393,52,1214882.285389,132,1203135.955368,104,1181497.105134,26,1151244.402057,14,1121613.295294,60,1070124.670793,25,1066617.42544,30,1062182.580662,53,1061124.156351,33,1039221.688835,45,910878.832514,101,879704.925046,51,858156.447499,27,827749.601768,29,823872.460414,211,809673.279679,13,794923.820792,21,794298.429622,32,793626.020744,135,780349.522065,75,743249.293153,106,706550.2584,23,670186.053478,24,669355.279372,22,chello
0.0,11,0.0,12,0.0,13,0.0,14,0.0,15,0.0,16,0.0,17,0.0,18,0.0,19,0.0,20,0.0,21,0.0,22,0.0,23,0.0,24,0.0,25,0.0,26,0.0,27,0.0,28,0.0,29,0.0,30,0.0,31,0.0,32,0.0,33,0.0,34,0.0,35,0.0,36,0.0,37,0.0,38,0.0,39,0.0,40,0.0,41,0.0,42,chello
0.0,11,0.0,12,0.0,13,0.0,14,0.0,15,0.0,16,0.0,17,0.0,18,0.0,19,0.0,20,0.0,21,0.0,22,0.0,23,0.0,24,0.0,25,0.0,26,0.0,27,0.0,28,0.0,29,0.0,30,0.0,31,0.0,32,0.0,33,0.0,34,0.0,35,0.0,36,0.0,37,0.0,38,0.0,39,0.0,40,0.0,41,0.0,42,chello
5921113.508318,133,4628549.941636,27,3233823.869673,54,2263461.679272,28,2077072.369941,16,1918189.424561,31,1911904.648788,15,1285928.636566,106,1006612.427847,32,961673.446395,134,931834.92238,26,927259.680914,132,874131.520151,105,819864.312327,212,774068.680158,24,758858.823049,107,701924.249291,239,696274.949711,14,683406.800829,211,626034.332449,55,621155.602678,33,611568.20809,265,568187.245998,51,541778.83614,53,540080.057904,13,494724.114073,17,475229.777153,80,466009.219572,135,455247.721184,185,453271.613801,238,448624.336925,131,431190.820038,104,chello
0.0,11,0.0,12,0.0,13,0.0,14,0.0,15,0.0,16,0.0,17,0.0,18,0.0,19,0.0,20,0.0,21,0.0,22,0.0,23,0.0,24,0.0,25,0.0,26,0.0,27,0.0,28,0.0,29,0.0,30,0.0,31,0.0,32,0.0,33,0.0,34,0.0,35,0.0,36,0.0,37,0.0,38,0.0,39,0.0,40,0.0,41,0.0,42,chello
0.0,11,0.0,12,0.0,13,0.0,14,0.0,15,0.0,16,0.0,17,0.0,18,0.0,19,0.0,20,0.0,21,0.0,22,0.0,23,0.0,24,0.0,25,0.0,26,0.0,27,0.0,28,0.0,29,0.0,30,0.0,31,0.0,32,0.0,33,0.0,34,0.0,35,0.0,36,0.0,37,0.0,38,0.0,39,0.0,40,0.0,41,0.0,42,chello
5986173.490269,31,4803084.018117,30,2909059.563914,28,2767862.337266,16,2131232.266842,134,1878722.567099,32,1761262.842624,29,1244138.284321,133,1194520.09572,34,1123335.914992,55,959995.48876,27,855931.968572,33,740456.91365,132,702489.084185,44,697480.472579,135,665690.654797,15,628387.548444,56,607573.293256,40,603464.472777,26,584373.355695,22,536028.33439,89,534965.743019,60,531489.854366,194,522262.119892,54,514619.29187,193,509594.459075,97,490933.325599,45,475016.950772,36,459037.632874,23,440693.593339,57,425714.431097,61,417590.836519,38,chello
0.0,11,0.0,12,0.0,13,0.0,14,0.0,15,0.0,16,0.0,17,0.0,18,0.0,19,0.0,20,0.0,21,0.0,22,0.0,23,0.0,24,0.0,25,0.0,26,0.0,27,0.0,28,0.0,29,0.0,30,0.0,31,0.0,32,0.0,33,0.0,34,0.0,35,0.0,36,0.0,37,0.0,38,0.0,39,0.0,40,0.0,41,0.0,42,chello
0.0,11,0.0,12,0.0,13,0.0,14,0.0,15,0.0,16,0.0,17,0.0,18,0.0,19,0.0,20,0.0,21,0.0,22,0.0,23,0.0,24,0.0,25,0.0,26,0.0,27,0.0,28,0.0,29,0.0,30,0.0,31,0.0,32,0.0,33,0.0,34,0.0,35,0.0,36,0.0,37,0.0,38,0.0,39,0.0,40,0.0,41,0.0,42,chello
8480831.573137,31,3066722.936225,30,2161578.080302,16,1722435.614925,32,1479843.931074,29,1478492.23956,90,1207632.652761,28,1044785.667827,33,997415.760563,135,809940.785715,34,782006.345563,194,704727.596641,45,540067.284734,27,524573.856088,61,522138.217586,134,487218.038605,54,474945.653389,24,449439.490171,15,447959.170105,36,436273.756931,91,402839.561235,22,398757.123709,35,366603.191626,46,359228.790148,39,354924.784128,50,352053.287378,25,331685.611519,26,322218.202796,40,316344.206254,38,309919.61227,89,296480.768352,14,288676.501234,84,chello
0.0,11,0.0,12,0.0,13,0.0,14,0.0,15,0.0,16,0.0,17,0.0,18,0.0,19,0.0,20,0.0,21,0.0,22,0.0,23,0.0,24,0.0,25,0.0,26,0.0,27,0.0,28,0.0,29,0.0,30,0.0,31,0.0,32,0.0,33,0.0,34,0.0,35,0.0,36,0.0,37,0.0,38,0.0,39,0.0,40,0.0,41,0.0,42,chello
0.0,11,0.0,12,0.0,13,0.0,14,0.0,15,0.0,16,0.0,17,0.0,18,0.0,19,0.0,20,0.0,21,0.0,22,0.0,23,0.0,24,0.0,25,0.0,26,0.0,27,0.0,28,0.0,29,0.0,30,0.0,31,0.0,32,0.0,33,0.0,34,0.0,35,0.0,36,0.0,37,0.0,38,0.0,39,0.0,40,0.0,41,0.0,42,chello
4482346.751325,31,3711023.381672,16,2478620.530231,29,2465304.705228,28,2462971.339227,57,2021411.064375,84,1790633.598645,60,1774182.129055,56,1748505.996611,32,1578998.344883,85,1523207.867365,141,1520625.99817,30,1282174.540184,114,1185293.310264,113,1037692.477147,59,1028811.939286,61,1010718.869672,58,1001113.145749,86,972668.066691,33,930203.063913,197,922115.319569,196,905577.847121,83,873618.185324,135,861815.464683,142,800997.445821,134,773802.737588,40,756473.637497,42,750186.765693,41,744688.790838,35,735093.879373,19,733712.642538,96,732495.960371,15,chello
0.0,11,0.0,12,0.0,13,0.0,14,0.0,15,0.0,16,0.0,17,0.0,18,0.0,19,0.0,20,0.0,21,0.0,22,0.0,23,0.0,24,0.0,25,0.0,26,0.0,27,0.0,28,0.0,29,0.0,30,0.0,31,0.0,32,0.0,33,0.0,34,0.0,35,0.0,36,0.0,37,0.0,38,0.0,39,0.0,40,0.0,41,0.0,42,chello
0.0,11,0.0,12,0.0,13,0.0,14,0.0,15,0.0,16,0.0,17,0.0,18,0.0,19,0.0,20,0.0,21,0.0,22,0.0,23,0.0,24,0.0,25,0.0,26,0.0,27,0.0,28,0.0,29,0.0,30,0.0,31,0.0,32,0.0,33,0.0,34,0.0,35,0.0,36,0.0,37,0.0,38,0.0,39,0.0,40,0.0,41,0.0,42,chello
4920681.027773,57,3557141.092793,29,3175019.223346,31,2661501.515593,85,2444318.327861,141,2165378.720021,16,2149896.666339,113,2053199.401037,142,2052166.829495,30,1886222.516568,114,1455511.296629,27,1284752.412382,28,1262559.882065,198,1225184.476037,197,1172912.404363,26,963207.169372,58,801336.628029,32,772202.960222,33,681663.900878,254,609247.281352,135,597270.419034,143,574432.28314,24,572081.17234,45,564023.174955,169,535880.058085,60,527377.614733,23,506064.145496,112,497386.344424,133,473445.400921,119,471558.079849,86,469329.8533,310,463758.88974,35,chello
0.0,11,0.0,12,0.0,13,0.0,14,0.0,15,0.0,16,0.0,17,0.0,18,0.0,19,0.0,20,0.0,21,0.0,22,0.0,23,0.0,24,0.0,25,0.0,26,0.0,27,0.0,28,0.0,29,0.0,30,0.0,31,0.0,32,0.0,33,0.0,34,0.0,35,0.0,36,0.0,37,0.0,38,0.0,39,0.0,40,0.0,41,0.0,42,chello
5981927.062008,31,3631313.983675,29,2893786.945337,28,2754355.637724,30,1919583.238151,32,1654866.623542,114,1593124.211989,16,1481940.830142,27,1391224.941411,58,1313664.168281,85,1214905.238056,150,1085965.947056,33,1016751.909061,25,981632.974059,57,971005.613159,149,890701.383027,17,866745.597827,56,859862.537118,134,849876.956802,35,840286.798214,90,837090.627671,22,826915.84497,15,796641.38649,60,782635.196386,26,762481.194761,46,737705.794288,59,671070.678508,45,655480.251389,24,620128.294841,195,607237.144628,97,606555.901229,18,590262.568097,179,chello
0.0,11,0.0,12,0.0,13,0.0,14,0.0,15,0.0,16,0.0,17,0.0,18,0.0,19,0.0,20,0.0,21,0.0,22,0.0,23,0.0,24,0.0,25,0.0,26,0.0,27,0.0,28,0.0,29,0.0,30,0.0,31,0.0,32,0.0,33,0.0,34,0.0,35,0.0,36,0.0,37,0.0,38,0.0,39,0.0,40,0.0,41,0.0,42,chello
0.0,11,0.0,12,0.0,13,0.0,14,0.0,15,0.0,16,0.0,17,0.0,18,0.0,19,0.0,20,0.0,21,0.0,22,0.0,23,0.0,24,0.0,25,0.0,26,0.0,27,0.0,28,0.0,29,0.0,30,0.0,31,0.0,32,0.0,33,0.0,34,0.0,35,0.0,36,0.0,37,0.0,38,0.0,39,0.0,40,0.0,41,0.0,42,chello
7013915.374364,31,3456229.418666,30,3392722.675488,16,2492145.755081,135,1511856.677583,90,1463119.897515,15,1305876.782691,29,1210197.615017,32,1096221.626091,134,1071770.650734,57,981947.016965,28,925335.390104,46,925057.997088,136,828149.985934,85,807092.673908,17,799435.612707,45,685457.572181,194,673848.763419,114,666229.438909,151,641425.884335,21,635185.931701,60,618959.939412,105,609163.212891,165,576314.982216,34,569986.570347,210,556278.408686,120,527910.210164,14,490817.063646,27,481129.740569,18,480403.299721,22,477111.781841,150,470102.44271,61,chello
0.0,11,0.0,12,0.0,13,0.0,14,0.0,15,0.0,16,0.0,17,0.0,18,0.0,19,0.0,20,0.0,21,0.0,22,0.0,23,0.0,24,0.0,25,0.0,26,0.0,27,0.0,28,0.0,29,0.0,30,0.0,31,0.0,32,0.0,33,0.0,34,0.0,35,0.0,36,0.0,37,0.0,38,0.0,39,0.0,40,0.0,41,0.0,42,chello
4973505.118604,16,3512036.503123,30,3494378.507125,61,2699956.107178,60,2212698.202915,31,1864331.44777,134,1788752.788493,29,1626538.041964,57,1584532.865159,15,1450671.330593,119,1318920.989751,135,1230893.289716,178,1081366.436193,90,1064729.353584,177,1005511.92062,86,982298.644659,27,969219.232531,34,916507.232111,62,886421.907766,17,826161.525531,28,807485.857905,118,804131.479376,32,791868.718192,26,720719.029264,120,710516.928422,85,695141.345627,33,672319.05829,56,671376.843639,45,636987.514154,237,622054.917322,22,618667.375628,165,611747.856184,14,chello
0.0,11,0.0,12,0.0,13,0.0,14,0.0,15,0.0,16,0.0,17,0.0,18,0.0,19,0.0,20,0.0,21,0.0,22,0.0,23,0.0,24,0.0,25,0.0,26,0.0,27,0.0,28,0.0,29,0.0,30,0.0,31,0.0,32,0.0,33,0.0,34,0.0,35,0.0,36,0.0,37,0.0,38,0.0,39,0.0,40,0.0,41,0.0,42,chello
4891575.510302,31,3363670.047947,134,3165934.267064,60,2939201.665868,61,2764348.168659,30,2017590.997921,16,1793930.943378,178,1665638.267851,90,1530890.831343,29,1437890.516475,62,1435943.527715,75,1303794.030913,59,1208330.646026,135,1138855.102687,119,1123387.121678,267,1047841.772532,179,1025757.89485,45,933607.078265,207,916254.591013,32,895794.723466,28,791478.792534,133,788950.924845,208,763214.555275,58,747873.825676,296,723797.753063,266,684422.336208,102,676226.918062,63,673682.282513,121,652942.062754,237,641530.052958,64,639400.554344,118,636617.926128,33,chello
0.0,11,0.0,12,0.0,13,0.0,14,0.0,15,0.0,16,0.0,17,0.0,18,0.0,19,0.0,20,0.0,21,0.0,22,0.0,23,0.0,24,0.0,25,0.0,26,0.0,27,0.0,28,0.0,29,0.0,30,0.0,31,0.0,32,0.0,33,0.0,34,0.0,35,0.0,36,0.0,37,0.0,38,0.0,39,0.0,40,0.0,41,0.0,42,chello
6974922.130319,31,5638606.547185,30,1719563.563873,61,1637277.560123,16,1485302.10223,60,1431341.669566,32,993524.953756,45,992058.032913,119,932090.826082,15,909910.086091,28,715305.765432,149,713825.57133,59,705961.797486,27,686931.656825,46,600573.083548,33,548127.277827,62,528412.981599,29,517636.344949,26,468056.899467,208,462349.706513,134,445458.539402,63,441372.302604,20,410246.217555,25,406670.106979,120,385090.181486,17,384198.557233,150,378810.217027,37,371426.628622,179,367982.899127,75,365525.07259,23,364978.057182,102,344239.933889,64,chello
0.0,11,0.0,12,0.0,13,0.0,14,0.0,15,0.0,16,0.0,17,0.0,18,0.0,19,0.0,20,0.0,21,0.0,22,0.0,23,0.0,24,0.0,25,0.0,26,0.0,27,0.0,28,0.0,29,0.0,30,0.0,31,0.0,32,0.0,33,0.0,34,0.0,35,0.0,36,0.0,37,0.0,38,0.0,39,0.0,40,0.0,41,0.0,42,chello
5752658.364591,31,4679779.904286,30,4551126.509952,16,2227005.04021,29,1940554.222292,15,1383965.964516,46,1145955.679333,33,1137160.528556,61,1072242.876199,45,973060.074721,34,877575.694592,35,833865.493558,28,824150.830406,14,774911.170948,134,770339.913578,149,643505.197299,60,618233.517461,27,607846.534198,36,550108.373178,135,549958.426303,17,512719.079175,120,504257.950713,44,494283.858554,179,489806.50205,13,461204.824304,37,455027.072776,90,447504.361303,12,430216.267633,38,410498.595856,40,409565.147258,42,397959.229866,75,394890.843076,39,chello
0.0,11,0.0,12,0.0,13,0.0,14,0.0,15,0.0,16,0.0,17,0.0,18,0.0,19,0.0,20,0.0,21,0.0,22,0.0,23,0.0,24,0.0,25,0.0,26,0.0,27,0.0,28,0.0,29,0.0,30,0.0,31,0.0,32,0.0,33,0.0,34,0.0,35,0.0,36,0.0,37,0.0,38,0.0,39,0.0,40,0.0,41,0.0,42,chello
7715151.20641,32,3787124.226076,63,2455804.034928,94,1972752.593075,31,1655094.373368,16,1546990.972337,30,1259896.894403,248,1037854.754428,62,1027129.53878,15,863638.067431,249,846612.227369,64,841954.166007,95,779278.007295,186,775584.337119,187,773621.777657,125,714981.482165,61,698359.529836,45,621630.668028,17,613050.622257,33,546744.936671,34,526725.386786,29,483922.036369,124,482399.177521,59,469815.546869,250,417531.110568,21,411757.076247,149,389102.237963,134,388126.460589,92,385350.374445,188,384729.490918,90,384025.494794,135,375909.065552,93,chello
0.0,11,0.0,12,0.0,13,0.0,14,0.0,15,0.0,16,0.0,17,0.0,18,0.0,19,0.0,20,0.0,21,0.0,22,0.0,23,0.0,24,0.0,25,0.0,26,0.0,27,0.0,28,0.0,29,0.0,30,0.0,31,0.0,32,0.0,33,0.0,34,0.0,35,0.0,36,0.0,37,0.0,38,0.0,39,0.0,40,0.0,41,0.0,42,chello
5007795.118265,31,4303016.603171,33,3766415.651682,63,3757339.439424,32,2027047.44502,34,1820575.588261,16,1744846.979269,95,1649504.629402,30,1336858.044452,94,1154027.440083,64,1078889.571326,35,1036919.362881,29,936903.096545,187,911503.551542,250,777370.797448,36,717645.431758,188,670257.159652,60,628793.989019,125,601417.32607,27,593580.059185,15,585890.296112,37,570459.642585,92,568727.616185,62,567885.596266,21,562184.67316,219,558413.231644,65,527978.169218,38,513848.211031,91,509793.30168,96,504827.964345,26,496629.385752,126,483151.408912,17,chello
0.0,11,0.0,12,0.0,13,0.0,14,0.0,15,0.0,16,0.0,17,0.0,18,0.0,19,0.0,20,0.0,21,0.0,22,0.0,23,0.0,24,0.0,25,0.0,26,0.0,27,0.0,28,0.0,29,0.0,30,0.0,31,0.0,32,0.0,33,0.0,34,0.0,35,0.0,36,0.0,37,0.0,38,0.0,39,0.0,40,0.0,41,0.0,42,chello
8003489.091807,31,3181983.852015,63,2221401.232955,32,2208174.754409,30,2096194.052439,16,1879752.975694,33,1359156.557113,90,846646.246238,150,756464.57072,149,740459.037756,35,690164.022833,64,666903.276006,91,619922.652284,34,598333.298362,15,596221.499668,61,577370.307105,28,535740.864778,94,504170.390632,135,502522.075657,27,450884.153244,17,441720.581799,60,424068.002659,209,423924.241993,95,391079.571162,36,381182.806324,194,379417.452112,59,367802.839091,92,358548.471768,26,336917.890101,45,331871.524219,29,327793.120797,65,327737.631093,25,chello
0.0,11,0.0,12,0.0,13,0.0,14,0.0,15,0.0,16,0.0,17,0.0,18,0.0,19,0.0,20,0.0,21,0.0,22,0.0,23,0.0,24,0.0,25,0.0,26,0.0,27,0.0,28,0.0,29,0.0,30,0.0,31,0.0,32,0.0,33,0.0,34,0.0,35,0.0,36,0.0,37,0.0,38,0.0,39,0.0,40,0.0,41,0.0,42,chello
5781962.07096,31,3930371.644648,33,3040002.215109,34,2878338.357027,30,2312018.259611,90,1768613.428743,35,1463693.963798,61,1392699.362599,16,1242100.553979,32,1187682.223769,66,1170692.956423,91,1127127.031296,68,1083312.216309,60,1065860.376294,36,1019768.719331,134,893492.34147,28,791772.735347,94,774408.056383,29,771612.193502,62,757260.021396,37,714957.487955,38,707736.997602,92,691650.878883,59,656844.763393,65,655428.943307,39,626695.249149,101,618969.941969,150,590645.484706,149,550211.631845,135,541821.010093,40,526924.617365,63,526253.270497,95,chello
0.0,11,0.0,12,0.0,13,0.0,14,0.0,15,0.0,16,0.0,17,0.0,18,0.0,19,0.0,20,0.0,21,0.0,22,0.0,23,0.0,24,0.0,25,0.0,26,0.0,27,0.0,28,0.0,29,0.0,30,0.0,31,0.0,32,0.0,33,0.0,34,0.0,35,0.0,36,0.0,37,0.0,38,0.0,39,0.0,40,0.0,41,0.0,42,chello
0.0,11,0.0,12,0.0,13,0.0,14,0.0,15,0.0,16,0.0,17,0.0,18,0.0,19,0.0,20,0.0,21,0.0,22,0.0,23,0.0,24,0.0,25,0.0,26,0.0,27,0.0,28,0.0,29,0.0,30,0.0,31,0.0,32,0.0,33,0.0,34,0.0,35,0.0,36,0.0,37,0.0,38,0.0,39,0.0,40,0.0,41,0.0,42,chello
9017791.411936,34,2299270.349849,35,2096186.203292,67,1639588.139627,31,1118513.980748,133,1025001.000508,68,977411.654252,100,973685.308185,30,939312.950885,32,811428.022971,36,708462.043587,33,682639.266714,134,647899.797695,101,567318.6863,66,510788.397261,37,506289.264091,69,450166.844882,63,406779.158243,266,392624.160108,65,379674.592501,135,368240.432838,38,349185.248905,61,336877.349275,64,294795.330493,233,274227.46245,99,271034.312183,40,265460.166643,102,264172.087414,39,245514.421799,70,244222.315889,94,233528.404481,62,210444.401765,16,chello
0.0,11,0.0,12,0.0,13,0.0,14,0.0,15,0.0,16,0.0,17,0.0,18,0.0,19,0.0,20,0.0,21,0.0,22,0.0,23,0.0,24,0.0,25,0.0,26,0.0,27,0.0,28,0.0,29,0.0,30,0.0,31,0.0,32,0.0,33,0.0,34,0.0,35,0.0,36,0.0,37,0.0,38,0.0,39,0.0,40,0.0,41,0.0,42,chello
8445188.888179,34,3040079.56114,35,2290409.81237,33,1992119.087738,32,1536429.474759,68,1493475.840021,30,1129927.783623,36,1041210.382548,67,837140.156137,100,832063.225521,66,783622.634391,31,733383.910426,135,732397.430826,69,604946.368764,37,573509.705909,16,506545.664698,134,478404.595585,38,450627.924531,63,391189.854415,103,391159.046706,29,371898.986295,41,348602.29517,101,344839.931263,70,342375.591455,102,333750.406837,39,327389.0828,40,312489.85417,65,290684.299554,62,260451.587067,47,256357.247788,64,253762.542816,46,230452.260369,48,chello
0.0,11,0.0,12,0.0,13,0.0,14,0.0,15,0.0,16,0.0,17,0.0,18,0.0,19,0.0,20,0.0,21,0.0,22,0.0,23,0.0,24,0.0,25,0.0,26,0.0,27,0.0,28,0.0,29,0.0,30,0.0,31,0.0,32,0.0,33,0.0,34,0.0,35,0.0,36,0.0,37,0.0,38,0.0,39,0.0,40,0.0,41,0.0,42,chello
6219614.650942,31,5508309.83002,34,3419458.90403,16,2685198.304009,30,1338876.77675,15,1161415.528194,67,1034093.435785,29,959945.138739,32,918711.991324,150,842163.376857,120,722761.7022,135,714073.531001,17,689438.760896,41,641002.399975,33,637413.928845,46,635477.889822,28,634716.832395,61,607918.496494,14,603661.078094,35,597708.867927,45,577181.541758,66,489298.805493,91,465343.445818,36,459562.041904,101,426361.402782,13,424932.974555,27,395942.300207,37,392790.562715,63,363519.373508,26,353773.924625,121,350724.81843,38,348843.057784,18,chello
0.0,11,0.0,12,0.0,13,0.0,14,0.0,15,0.0,16,0.0,17,0.0,18,0.0,19,0.0,20,0.0,21,0.0,22,0.0,23,0.0,24,0.0,25,0.0,26,0.0,27,0.0,28,0.0,29,0.0,30,0.0,31,0.0,32,0.0,33,0.0,34,0.0,35,0.0,36,0.0,37,0.0,38,0.0,39,0.0,40,0.0,41,0.0,42,chello
7101975.445421,16,3352826.314427,34,3145496.216865,30,2931186.56324,31,1939203.313094,32,1832240.420075,15,1582187.185552,68,1467498.188659,69,1135466.529717,33,1094307.897263,90,740617.32546,35,682432.346735,14,670582.199177,29,669267.026768,45,624787.662497,103,616033.211478,67,606556.190941,46,579110.884937,66,544503.547308,149,527450.744752,36,509531.79292,17,492938.577289,13,490424.897732,101,421854.185401,21,419128.184397,150,418422.340047,91,415144.174068,28,395277.310864,12,374898.068807,102,367378.826712,61,360438.970828,71,343263.855578,37,chello
4618552.75049,41,4075122.190226,26,3931836.901658,11,3189283.407836,102,2630856.95631,21,2264371.48419,101,2236167.112366,51,1534174.147126,61,1394906.863082,71,1376075.70305,91,1205873.209058,40,1142199.019127,90,1043969.953511,42,1033307.51011,70,1023484.462142,31,955709.526456,150,905202.019018,20,874050.866882,27,827984.414599,103,824463.881414,60,710959.72678,22,526355.190761,43,519885.448428,152,513191.417609,39,455976.924445,52,432443.14462,25,427303.222644,19,426349.337868,69,425939.213191,28,393562.931991,29,378355.083117,89,377365.355985,59,chello
0.0,11,0.0,12,0.0,13,0.0,14,0.0,15,0.0,16,0.0,17,0.0,18,0.0,19,0.0,20,0.0,21,0.0,22,0.0,23,0.0,24,0.0,25,0.0,26,0.0,27,0.0,28,0.0,29,0.0,30,0.0,31,0.0,32,0.0,33,0.0,34,0.0,35,0.0,36,0.0,37,0.0,38,0.0,39,0.0,40,0.0,41,0.0,42,chello
3899551.182873,16,3820864.279022,34,3564341.965274,15,3399632.002715,36,2732334.142252,71,2382689.038808,72,2374802.22939,142,1741754.616146,37,1520951.302998,177,1453594.542013,17,1343337.486694,35,1293235.767411,14,1157925.235283,31,1027249.928874,107,974654.812006,30,915591.303091,21,840209.670424,18,819311.501445,143,818867.003257,38,773809.058093,19,760146.891433,13,740641.45085,212,591597.251245,60,578463.379311,11,576069.329853,248,564515.601554,70,561625.893288,73,559105.777344,22,556349.458336,12,522187.97881,141,508584.436359,213,498847.895897,75,chello
0.0,11,0.0,12,0.0,13,0.0,14,0.0,15,0.0,16,0.0,17,0.0,18,0.0,19,0.0,20,0.0,21,0.0,22,0.0,23,0.0,24,0.0,25,0.0,26,0.0,27,0.0,28,0.0,29,0.0,30,0.0,31,0.0,32,0.0,33,0.0,34,0.0,35,0.0,36,0.0,37,0.0,38,0.0,39,0.0,40,0.0,41,0.0,42,chello
4651206.721086,26,4242225.187233,41,3552150.483156,21,3521783.260096,11,3244712.255077,102,1668548.832715,71,1625154.253366,51,1461800.910142,40,1419345.155106,90,1383913.682102,31,1331557.86565,91,1275660.809962,61,1100528.557793,101,1090124.352729,70,961556.951586,42,744199.00497,60,725155.286309,50,717909.045185,25,698922.72151,100,654016.489464,150,649027.683989,39,648173.644392,52,632927.358591,27,594530.483261,43,559135.897095,103,558271.566102,22,515878.862096,92,506042.450989,69,476692.077617,77,475448.92954,72,465736.632488,24,462703.001898,49,chello
6066790.781463,16,3148141.79985,30,3104541.85172,72,2888145.718445,36,2463546.475656,34,2443412.422677,32,1718506.656354,37,1408755.534477,107,1012146.157802,21,1010231.701764,35,1004529.581805,177,965919.638645,142,928513.454974,15,924065.567243,31,846500.648435,71,817115.938791,33,811290.891468,143,796036.883091,38,760989.836077,133,656983.559651,120,656918.810467,44,655774.563006,29,649668.716976,56,618178.418935,73,615024.802399,67,605692.690193,141,586625.022832,70,579959.997347,57,572444.693654,97,565623.109331,91,552818.826608,41,532333.629761,20,chello
0.0,11,0.0,12,0.0,13,0.0,14,0.0,15,0.0,16,0.0,17,0.0,18,0.0,19,0.0,20,0.0,21,0.0,22,0.0,23,0.0,24,0.0,25,0.0,26,0.0,27,0.0,28,0.0,29,0.0,30,0.0,31,0.0,32,0.0,33,0.0,34,0.0,35,0.0,36,0.0,37,0.0,38,0.0,39,0.0,40,0.0,41,0.0,42,chello
6540729.525547,16,5685250.385268,31,1983343.716646,15,1804256.007418,30,1315154.402296,72,1278551.303952,17,1042476.399445,135,982268.400182,33,960222.204706,34,927935.293714,120,894031.875514,71,873307.107985,46,861809.921587,32,829861.385521,37,808318.835896,14,725558.87573,91,713275.642352,29,707121.858838,45,693718.596758,36,688450.371664,90,672769.528758,150,636353.787455,134,525865.565615,13,521437.232071,142,519046.806405,38,515785.203447,18,510697.407812,104,493490.846733,19,475980.664788,73,447435.972536,75,422635.766233,28,417410.464582,61,chello
4972022.701341,11,2917745.457948,102,2745814.873091,27,2560222.217031,26,2453680.304041,71,2227847.0998,41,2172862.220978,21,1985860.657252,101,1877071.470938,40,1866237.054484,100,1696476.853668,70,1316882.176537,28,1312138.068435,52,1250715.547784,91,1174508.851586,24,1161578.124117,61,1132550.913948,90,928769.549235,49,900379.755119,60,878869.458413,42,852999.940723,39,811900.784548,72,789998.598684,51,789839.072341,103,696183.389016,50,691171.600252,99,643052.671906,92,611762.821664,22,609588.989183,69,601221.647874,33,597601.235738,29,580469.902611,77,chello
0.0,11,0.0,12,0.0,13,0.0,14,0.0,15,0.0,16,0.0,17,0.0,18,0.0,19,0.0,20,0.0,21,0.0,22,0.0,23,0.0,24,0.0,25,0.0,26,0.0,27,0.0,28,0.0,29,0.0,30,0.0,31,0.0,32,0.0,33,0.0,34,0.0,35,0.0,36,0.0,37,0.0,38,0.0,39,0.0,40,0.0,41,0.0,42,chello
7929830.456625,16,4927545.892405,31,2034744.951746,30,1415404.5073,15,1380509.526131,72,922544.948031,46,919906.149493,32,814428.987287,34,802967.802606,29,712206.724644,90,701520.373252,61,686056.888962,150,552499.569542,136,546127.136915,14,463971.595598,135,460676.052603,33,443352.754829,91,427066.77107,17,421851.987883,13,402188.287744,18,380487.745003,45,358801.05158,28,327436.367012,92,300045.703352,165,294153.995088,21,285939.314334,73,273638.770626,12,267454.699741,27,262545.099608,20,252631.562347,89,236519.788577,143,230280.990971,11,chello
5563814.286379,11,3949240.276092,102,3579835.693145,41,3058629.441056,101,2174069.893953,26,2141898.73235,71,2116143.995655,51,1257083.341795,70,1250559.068798,61,1242154.718373,100,1153669.694401,50,1064863.264586,103,1030641.137349,52,883507.023427,27,872534.427241,81,828798.298632,60,743464.459101,76,675379.060408,72,630350.290344,40,611109.848173,91,600027.500312,104,580176.19383,20,571561.372317,31,535296.867139,121,508941.998983,90,485239.358002,25,470516.987454,42,469453.763388,99,463871.978364,73,449371.188704,75,448265.055632,49,429986.282403,105,chello
0.0,11,0.0,12,0.0,13,0.0,14,0.0,15,0.0,16,0.0,17,0.0,18,0.0,19,0.0,20,0.0,21,0.0,22,0.0,23,0.0,24,0.0,25,0.0,26,0.0,27,0.0,28,0.0,29,0.0,30,0.0,31,0.0,32,0.0,33,0.0,34,0.0,35,0.0,36,0.0,37,0.0,38,0.0,39,0.0,40,0.0,41,0.0,42,chello
8053320.525253,16,3099499.776646,31,2838250.383863,15,1271722.17908,114,1212155.574233,14,1182573.878815,39,1062690.669562,17,953571.875434,38,937305.582039,113,908920.237867,72,908347.272976,30,817225.818975,13,792488.498347,226,768415.228288,188,749319.20078,34,744512.424213,33,690600.28444,12,633409.090163,40,598550.294601,29,593306.203366,73,584736.616479,44,531386.962778,71,512269.903938,18,499568.341684,46,487502.580299,35,451800.371809,11,437942.052703,134,430690.919168,20,429236.250791,189,425126.608842,19,421606.757046,36,400599.527665,76,chello
0.0,11,0.0,12,0.0,13,0.0,14,0.0,15,0.0,16,0.0,17,0.0,18,0.0,19,0.0,20,0.0,21,0.0,22,0.0,23,0.0,24,0.0,25,0.0,26,0.0,27,0.0,28,0.0,29,0.0,30,0.0,31,0.0,32,0.0,33,0.0,34,0.0,35,0.0,36,0.0,37,0.0,38,0.0,39,0.0,40,0.0,41,0.0,42,chello
5613386.735741,11,3993791.901545,41,3460557.494879,101,3248294.465722,26,2833660.756071,51,1999424.68654,102,1785500.296704,71,1191551.755939,27,1178906.327745,61,1126185.348972,40,1041087.729429,60,982556.141672,21,973976.057031,100,870154.815722,70,859408.692928,31,854874.43479,50,829760.074312,103,741738.785416,81,669841.142793,42,577017.597238,99,575227.891289,121,543935.160928,25,542680.976372,104,526992.712403,161,518746.967831,39,504631.618156,76,481042.132558,28,451064.442735,53,446011.415215,52,442738.835013,77,406037.998976,12,403101.280712,72,chello
6797148.740359,16,3711329.740224,114,2733116.300322,39,2338815.829535,38,2094399.550186,30,1928958.574657,15,1282079.41879,227,1237548.676414,189,1148297.572616,113,1014959.259128,37,1009976.688856,31,1007125.588844,151,959454.701924,32,939581.736533,40,932929.553809,45,922752.415014,29,887781.991548,14,772770.939443,76,761599.680738,41,712997.671077,152,667068.712213,72,640411.620813,34,603509.550995,264,590287.157733,35,587774.561465,115,570362.430284,36,563240.819817,150,539368.922919,33,520517.54073,28,499109.231051,226,461106.343564,44,450302.80023,77,chello
0.0,11,0.0,12,0.0,13,0.0,14,0.0,15,0.0,16,0.0,17,0.0,18,0.0,19,0.0,20,0.0,21,0.0,22,0.0,23,0.0,24,0.0,25,0.0,26,0.0,27,0.0,28,0.0,29,0.0,30,0.0,31,0.0,32,0.0,33,0.0,34,0.0,35,0.0,36,0.0,37,0.0,38,0.0,39,0.0,40,0.0,41,0.0,42,chello
6157642.752989,11,3507663.110631,26,3170908.711089,101,3143788.739989,51,2663092.533895,102,2128963.11221,41,1553542.484945,71,1227551.088306,61,1201117.030303,100,1106647.168244,81,1076202.114182,31,1025575.898049,60,1019918.983764,103,912565.920407,40,866121.262985,27,828351.945924,70,777257.504249,25,753243.444853,121,733321.274578,161,644215.52742,42,639546.388046,99,608065.735601,52,586381.84714,98,573553.968611,12,538856.226979,104,512114.395484,72,482200.759924,202,432959.830839,20,423808.004501,50,422844.921112,105,406008.860032,62,401706.436707,28,chello
6687764.308568,16,2883192.221382,39,2824768.239534,40,2492751.498287,30,2412605.437196,15,1829336.02087,33,1770598.525493,31,1702727.489299,114,1526267.84347,17,1253117.22957,115,910562.319948,18,878965.216821,96,798242.738856,32,788111.267721,45,760226.914703,37,748304.636301,24,747886.946201,29,696909.137862,19,651935.144265,13,646309.014821,14,632460.784319,97,624779.211598,41,618127.523512,27,615708.355261,36,601059.155683,35,566785.9494,43,560862.790463,22,540265.902021,61,513513.930279,151,509951.951515,44,488612.513709,28,483164.517904,21,chello
0.0,11,0.0,12,0.0,13,0.0,14,0.0,15,0.0,16,0.0,17,0.0,18,0.0,19,0.0,20,0.0,21,0.0,22,0.0,23,0.0,24,0.0,25,0.0,26,0.0,27,0.0,28,0.0,29,0.0,30,0.0,31,0.0,32,0.0,33,0.0,34,0.0,35,0.0,36,0.0,37,0.0,38,0.0,39,0.0,40,0.0,41,0.0,42,chello
5581449.971689,11,4476044.764694,41,3340241.358569,102,3337790.424541,101,2912252.778073,26,1495039.918355,31,1456847.849944,51,1126327.125319,100,1089825.794759,52,1071119.809099,50,1059238.240711,103,970538.885107,71,897889.188152,121,823193.317308,61,819485.451083,40,812437.075271,161,764796.058904,21,751991.196672,99,685318.458575,81,650448.984054,104,574614.282745,60,540810.980903,70,538358.373487,53,527407.419,49,525305.8583,98,445970.493032,105,445095.200815,42,438610.530671,12,416601.756615,76,408775.636302,24,403592.088774,39,394368.911607,25,chello
6110550.959481,31,5148780.744147,16,3024488.88938,30,2798951.939072,15,1589704.330069,17,1245340.341393,32,1157162.700535,39,1150173.242321,29,1095514.409334,14,1081692.094535,45,900179.857965,18,879351.902559,90,823323.855515,19,795436.13357,13,764163.093146,40,727420.929737,28,697264.176768,149,689714.800481,35,665962.318801,34,631294.161974,41,623235.566795,12,619257.253371,27,613476.100923,60,596854.446172,134,588426.292272,11,540775.480109,21,411265.811161,72,403725.3421,135,394836.348665,71,385706.763098,61,383176.344154,44,381789.412954,26,chello
0.0,11,0.0,12,0.0,13,0.0,14,0.0,15,0.0,16,0.0,17,0.0,18,0.0,19,0.0,20,0.0,21,0.0,22,0.0,23,0.0,24,0.0,25,0.0,26,0.0,27,0.0,28,0.0,29,0.0,30,0.0,31,0.0,32,0.0,33,0.0,34,0.0,35,0.0,36,0.0,37,0.0,38,0.0,39,0.0,40,0.0,41,0.0,42,chello
4986895.459551,11,4499643.403931,26,4168503.172572,41,3086350.207564,101,3084719.096171,102,2174707.455856,51,1342040.407101,31,1200435.684067,103,1081695.410227,52,1008674.30766,50,1004264.55429,100,894001.733232,42,814007.482755,40,791407.122966,121,694508.81604,21,668140.467775,27,660381.032032,99,651688.892812,104,644630.181324,161,564683.648219,152,561128.182834,76,522774.355318,49,491843.53597,201,470418.300131,43,456205.826399,12,453505.723143,30,447287.392606,105,431974.017932,98,398264.494437,106,381381.970498,53,371690.38262,77,367486.720053,48,chello
7929335.099412,16,4329100.846495,31,2448382.978323,30,1662279.807754,15,1313821.692922,32,1026075.505734,17,1016368.934717,29,849918.369931,39,800808.532479,14,757527.221525,45,692523.195694,33,672145.266109,90,624978.482606,149,612249.207537,46,570502.865022,60,550705.70137,34,544415.032059,18,540529.792516,35,540014.501121,28,496228.296702,13,469302.343923,40,465798.969665,135,414891.942129,120,412694.061622,134,397934.286754,19,389992.454417,27,386352.493987,36,385439.066797,41,383384.127122,12,378065.524704,37,374211.478473,43,363619.204413,42,chello
0.0,11,0.0,12,0.0,13,0.0,14,0.0,15,0.0,16,0.0,17,0.0,18,0.0,19,0.0,20,0.0,21,0.0,22,0.0,23,0.0,24,0.0,25,0.0,26,0.0,27,0.0,28,0.0,29,0.0,30,0.0,31,0.0,32,0.0,33,0.0,34,0.0,35,0.0,36,0.0,37,0.0,38,0.0,39,0.0,40,0.0,41,0.0,42,chello
4967804.471172,11,4629661.920653,26,4170234.450991,102,3096064.485141,51,2802993.000729,101,2023399.291143,41,1501270.361401,31,1315345.247129,121,1244387.73967,103,969836.841907,100,918901.218019,27,872982.089888,52,856688.383626,201,800719.202129,152,699840.205429,104,647000.301165,99,593068.640147,76,570173.983221,25,519587.656998,40,478939.071901,30,472013.955611,241,468958.163199,98,457193.705695,105,443700.898797,20,435045.181726,280,429304.409114,120,423076.812879,240,418615.081378,28,402799.020587,53,400138.561512,122,399849.05717,200,394676.159252,32,chello
7866276.669064,16,4892940.516267,31,1960305.027167,30,1661321.774543,15,1337060.041588,32,938789.793575,14,932246.772393,17,858227.9624,29,836943.8463,46,728971.054553,90,688913.112623,13,592742.931149,28,557245.525121,33,547433.629434,39,513438.193621,12,492100.572184,45,447263.699333,11,423322.381985,34,414818.806665,135,409458.345067,40,403925.953675,35,391770.938518,18,373592.66835,36,371764.908136,150,369640.518644,38,368291.350953,27,364298.602497,120,353513.293271,60,340879.012392,26,308593.801989,47,278412.725025,25,257009.333822,194,chello
0.0,11,0.0,12,0.0,13,0.0,14,0.0,15,0.0,16,0.0,17,0.0,18,0.0,19,0.0,20,0.0,21,0.0,22,0.0,23,0.0,24,0.0,25,0.0,26,0.0,27,0.0,28,0.0,29,0.0,30,0.0,31,0.0,32,0.0,33,0.0,34,0.0,35,0.0,36,0.0,37,0.0,38,0.0,39,0.0,40,0.0,41,0.0,42,chello
5001608.678225,26,4715953.289023,11,3725723.02131,102,3612208.562695,41,2507748.91109,101,2493122.7529,51,1423428.43505,31,1385961.952785,121,1156507.400235,52,1106632.950857,103,951379.465372,100,669083.156745,21,665914.038696,152,655410.47604,201,637150.430587,99,636088.279946,40,585200.653428,104,580122.095427,27,546917.541898,25,541661.920539,241,496833.908908,77,480680.372273,76,451941.515067,53,429347.126148,105,429098.840817,200,422583.348567,12,399472.861009,161,393981.098702,30,393617.066813,98,387484.196424,240,379049.470818,23,379025.562842,50,chello
7333921.566244,16,5960658.239662,31,1783345.10685,30,1530534.998686,15,1101148.882417,90,1061478.530476,32,754889.587799,17,750126.756738,29,668092.315924,135,638166.20721,33,584738.405157,46,568979.721555,150,561465.371931,34,540624.157203,14,465216.705093,136,434079.248917,28,420791.956623,209,400021.749791,91,383711.972746,18,373726.70498,35,365329.328485,61,365222.12107,13,364797.236838,38,358960.241844,149,349142.392361,19,332950.452377,36,271613.523578,45,269549.500786,27,261280.248259,60,257333.053315,12,253906.271691,37,249359.931893,39,chello
0.0,11,0.0,12,0.0,13,0.0,14,0.0,15,0.0,16,0.0,17,0.0,18,0.0,19,0.0,20,0.0,21,0.0,22,0.0,23,0.0,24,0.0,25,0.0,26,0.0,27,0.0,28,0.0,29,0.0,30,0.0,31,0.0,32,0.0,33,0.0,34,0.0,35,0.0,36,0.0,37,0.0,38,0.0,39,0.0,40,0.0,41,0.0,42,chello
6637084.161957,31,4503549.860603,16,3851085.907555,30,2110093.157139,15,1639767.909283,32,1581135.904224,29,1393546.711939,90,1289107.531975,33,1024687.444002,150,895520.522325,34,889840.7176,14,849249.719368,28,679752.401223,45,632810.580356,61,617477.761205,27,605036.615352,13,601571.848832,35,557786.902971,38,554665.40117,149,523370.96291,36,522959.23176,209,493680.378074,12,492450.328046,37,491513.33907,26,444280.390186,17,409702.481822,11,407592.116678,151,400788.213176,60,391890.523003,25,380172.36824,134,369446.041995,135,361811.121435,41,chello
0.0,11,0.0,12,0.0,13,0.0,14,0.0,15,0.0,16,0.0,17,0.0,18,0.0,19,0.0,20,0.0,21,0.0,22,0.0,23,0.0,24,0.0,25,0.0,26,0.0,27,0.0,28,0.0,29,0.0,30,0.0,31,0.0,32,0.0,33,0.0,34,0.0,35,0.0,36,0.0,37,0.0,38,0.0,39,0.0,40,0.0,41,0.0,42,chello
5182043.157095,26,4848702.006093,11,3307448.424791,102,3185056.068154,41,2990752.281381,101,2321022.280699,51,1384146.927518,121,1163503.912771,31,1135306.520077,100,1086286.075365,103,973080.558551,52,714215.312074,201,688359.380259,50,677754.398968,200,650797.623502,120,647759.992563,104,644590.653619,202,630103.70241,99,629405.35468,240,587979.885654,30,568228.815192,152,530833.99457,280,529182.502985,241,520069.285217,27,507696.41596,40,504824.556512,28,489035.619653,42,481423.204075,98,450466.805461,76,436440.15085,29,434595.166233,25,425723.290482,21,chello
0.0,11,0.0,12,0.0,13,0.0,14,0.0,15,0.0,16,0.0,17,0.0,18,0.0,19,0.0,20,0.0,21,0.0,22,0.0,23,0.0,24,0.0,25,0.0,26,0.0,27,0.0,28,0.0,29,0.0,30,0.0,31,0.0,32,0.0,33,0.0,34,0.0,35,0.0,36,0.0,37,0.0,38,0.0,39,0.0,40,0.0,41,0.0,42,chello
5946773.237365,30,5143901.537688,16,4051604.667585,31,2140513.871835,40,1840482.215504,32,1420816.84151,29,1218821.926798,15,1217405.890709,33,1160537.10379,17,1085495.59566,28,997960.671834,41,955305.669469,60,896600.098836,34,858201.649235,39,808789.665688,27,666029.63023,90,628299.672158,35,617474.022003,26,531724.671636,25,508136.324083,61,502701.362223,18,489565.824567,36,488660.805047,42,477826.823309,19,463844.206741,44,445050.594036,37,419806.049652,24,413923.186624,134,406226.324797,45,393240.018747,22,388049.614692,119,372058.348068,38,chello
5210102.594992,26,4645443.02926,11,3973147.063437,102,3455744.245946,41,2580421.680152,101,2005514.820364,51,1340267.940073,121,1086559.355431,31,1057445.297893,103,1017415.841675,201,989850.253628,52,923168.422207,100,825967.793056,27,746826.579991,152,741657.34502,25,710272.6869,50,616431.727155,99,583407.491338,104,568409.073661,42,509048.645517,105,503388.10011,161,433254.269297,12,415980.675031,240,402705.134257,53,402110.411961,98,397562.401268,281,395843.702848,106,385063.049666,24,376236.195543,49,373266.437132,76,364176.866166,200,348469.561085,97,chello
0.0,11,0.0,12,0.0,13,0.0,14,0.0,15,0.0,16,0.0,17,0.0,18,0.0,19,0.0,20,0.0,21,0.0,22,0.0,23,0.0,24,0.0,25,0.0,26,0.0,27,0.0,28,0.0,29,0.0,30,0.0,31,0.0,32,0.0,33,0.0,34,0.0,35,0.0,36,0.0,37,0.0,38,0.0,39,0.0,40,0.0,41,0.0,42,chello
4931184.631643,41,4525279.514411,16,4167029.070419,30,3319173.40133,40,2318149.599924,120,1625130.31733,29,1571777.086665,39,1417622.614696,42,1276550.550174,17,921158.059983,28,911320.436966,43,906342.764193,15,903253.96129,45,872168.477714,198,850336.255823,44,843083.813709,31,832754.080375,119,815531.388863,38,753182.938463,199,732375.942985,121,675134.407721,81,674924.405519,27,657590.285675,80,555443.012055,277,513888.147118,26,483658.526703,25,472988.502667,278,458684.591394,239,444368.93951,197,438303.058921,18,412526.895086,24,398221.563019,240,chello
4980564.844912,26,4840861.105772,41,4122135.60467,11,3585069.418757,102,2464135.59791,101,2256925.950178,51,1410265.266071,121,1117194.684677,103,1035998.536635,201,1015252.602947,27,931633.909559,100,860020.259901,152,792216.253728,52,741375.434952,161,636740.382929,31,624411.244728,104,596947.413657,28,569430.146382,30,567753.760288,99,550367.320459,81,483583.45213,25,429598.731126,76,413314.995026,105,365361.562439,12,365096.985519,241,360922.222596,98,360025.554092,53,345037.861642,202,342479.79598,29,335577.027867,50,333185.981371,97,327186.755942,77,chello
0.0,11,0.0,12,0.0,13,0.0,14,0.0,15,0.0,16,0.0,17,0.0,18,0.0,19,0.0,20,0.0,21,0.0,22,0.0,23,0.0,24,0.0,25,0.0,26,0.0,27,0.0,28,0.0,29,0.0,30,0.0,31,0.0,32,0.0,33,0.0,34,0.0,35,0.0,36,0.0,37,0.0,38,0.0,39,0.0,40,0.0,41,0.0,42,chello
6121257.394435,41,4910115.944109,40,3189957.734735,30,2915626.953949,120,2127004.286154,31,1367392.63891,32,1306984.813144,16,1147035.737023,80,1111591.946642,39,1078181.508135,121,1008599.328519,33,987852.597673,200,878127.243064,29,818004.353667,42,815123.794169,198,778262.426648,38,615515.181152,37,595182.482741,15,576408.082193,199,559780.032864,34,547705.668024,197,525636.23666,17,517673.119384,36,504371.103588,35,470944.981135,28,461675.673002,14,436373.11877,160,430944.076949,46,400757.78456,75,372023.11279,44,369412.154988,239,351855.234531,278,chello
5551476.842689,41,4934374.991359,26,3729879.819695,11,3193152.12516,102,2533713.652343,51,2264816.324525,101,1378068.485874,121,1012250.156829,81,986792.117616,27,920085.85681,103,839417.306008,100,830459.372356,52,810381.24829,152,785418.443532,31,750995.93149,161,603301.587372,104,510343.247003,99,506410.038577,25,492875.997329,201,465559.726495,76,446723.021635,241,387693.668815,105,384527.941462,28,381449.352855,321,362033.127362,50,361623.727842,98,355883.886537,252,350942.050162,106,312646.774986,12,305657.874489,24,304812.825074,202,303310.790271,53,chello
0.0,11,0.0,12,0.0,13,0.0,14,0.0,15,0.0,16,0.0,17,0.0,18,0.0,19,0.0,20,0.0,21,0.0,22,0.0,23,0.0,24,0.0,25,0.0,26,0.0,27,0.0,28,0.0,29,0.0,30,0.0,31,0.0,32,0.0,33,0.0,34,0.0,35,0.0,36,0.0,37,0.0,38,0.0,39,0.0,40,0.0,41,0.0,42,chello
6812466.710435,40,4938955.221341,41,2860532.639309,42,2012077.558902,31,1892109.951593,16,1717463.140651,39,1374342.826174,30,1064694.739039,120,815422.113711,26,813209.258096,21,753483.164744,32,695031.63675,38,679645.557526,121,673356.747351,25,596264.456329,28,578688.899958,35,555498.958075,24,519871.33089,80,501041.599748,43,495390.220477,27,494371.780707,70,492404.641055,81,489020.649169,50,485149.528204,19,476763.668386,161,475328.434853,36,467249.488924,200,461789.600112,23,438414.997565,49,398875.72869,18,397365.387825,48,385783.746439,29,chello
5350633.471974,26,5285156.821636,41,3631081.398284,11,2730564.348908,101,2698753.299275,102,2494878.034047,51,1357394.511012,121,1050907.227582,103,886242.426882,52,861094.991943,27,826004.165817,100,820113.131415,161,706980.492454,152,699502.239059,81,659787.274913,31,580323.072533,104,577955.018966,202,510248.719176,40,506900.120246,99,475767.830505,50,472227.925658,76,443594.101859,201,426046.987784,241,400040.745249,105,379221.514873,28,365489.905976,25,361924.98854,53,349186.57946,252,345250.339098,98,337495.800828,106,330630.094895,29,325093.116933,77,chello
0.0,11,0.0,12,0.0,13,0.0,14,0.0,15,0.0,16,0.0,17,0.0,18,0.0,19,0.0,20,0.0,21,0.0,22,0.0,23,0.0,24,0.0,25,0.0,26,0.0,27,0.0,28,0.0,29,0.0,30,0.0,31,0.0,32,0.0,33,0.0,34,0.0,35,0.0,36,0.0,37,0.0,38,0.0,39,0.0,40,0.0,41,0.0,42,chello
